{
    "name": "root",
    "gauges": {
        "RocketLander.Policy.Entropy.mean": {
            "value": 1.416349172592163,
            "min": 1.4144772291183472,
            "max": 1.4180183410644531,
            "count": 10
        },
        "RocketLander.Environment.LessonNumber.target_size.mean": {
            "value": 3.0,
            "min": 0.0,
            "max": 3.0,
            "count": 10
        },
        "RocketLander.Policy.ExtrinsicValueEstimate.mean": {
            "value": -0.7039572596549988,
            "min": -0.7435125708580017,
            "max": -0.15310053527355194,
            "count": 10
        },
        "RocketLander.Environment.EpisodeLength.mean": {
            "value": 149.12307692307692,
            "min": 146.08823529411765,
            "max": 164.90322580645162,
            "count": 10
        },
        "RocketLander.Environment.CumulativeReward.mean": {
            "value": -10.061857644355658,
            "min": -10.951922572428181,
            "max": -9.357321149316327,
            "count": 10
        },
        "RocketLander.Policy.ExtrinsicReward.mean": {
            "value": -10.061857644355658,
            "min": -10.951922572428181,
            "max": -9.357321149316327,
            "count": 10
        },
        "RocketLander.Losses.PolicyLoss.mean": {
            "value": 0.013645762441835057,
            "min": 0.00853580387168525,
            "max": 0.02039498796996971,
            "count": 10
        },
        "RocketLander.Losses.ValueLoss.mean": {
            "value": 0.21040985112388927,
            "min": 0.1592075452208519,
            "max": 0.7870296537876129,
            "count": 10
        },
        "RocketLander.Policy.LearningRate.mean": {
            "value": 4.645319594271659e-05,
            "min": 4.645319594271659e-05,
            "max": 0.0008537209883201295,
            "count": 10
        },
        "RocketLander.Policy.Epsilon.mean": {
            "value": 0.11569561129497907,
            "min": 0.11569561129497907,
            "max": 0.3884559348638618,
            "count": 10
        },
        "RocketLander.Policy.Beta.mean": {
            "value": 0.000362914147055745,
            "min": 0.000362914147055745,
            "max": 0.0064959009504276305,
            "count": 10
        },
        "RocketLander.IsTraining.mean": {
            "value": 1.0,
            "min": 1.0,
            "max": 1.0,
            "count": 10
        }
    },
    "metadata": {
        "timer_format_version": "0.1.0",
        "start_time_seconds": "1615297491",
        "python_version": "3.8.7 (tags/v3.8.7:6503f05, Dec 21 2020, 17:59:51) [MSC v.1928 64 bit (AMD64)]",
        "command_line_arguments": "C:\\Users\\Daniel Rodrigues\\AppData\\Local\\Programs\\Python\\Python38\\Scripts\\mlagents-learn D:\\Documents\\GitHub\\ai-group-project-the-meme-team\\Python_Interface\\config\\2021.03.09_1344_RocketLander.yaml --env=Unity_Compiled_Files\\Rocket_Lander --run-id=2021.03.09_1344_RocketLander --seed=0 --train --base-port=49307 --height=500 --width=500",
        "mlagents_version": "0.23.0",
        "mlagents_envs_version": "0.23.0",
        "communication_protocol_version": "1.3.0",
        "pytorch_version": "1.7.1",
        "numpy_version": "1.18.5",
        "end_time_seconds": "1615297618"
    },
    "total": 127.44561930000002,
    "count": 1,
    "self": 2.2911947000000197,
    "children": {
        "run_training.setup": {
            "total": 0.017095799999999883,
            "count": 1,
            "self": 0.017095799999999883
        },
        "TrainerController.start_learning": {
            "total": 125.13732879999999,
            "count": 1,
            "self": 0.27589760000006436,
            "children": {
                "TrainerController._reset_env": {
                    "total": 6.022273900000001,
                    "count": 1,
                    "self": 6.022273900000001
                },
                "TrainerController.advance": {
                    "total": 118.76848579999995,
                    "count": 6280,
                    "self": 0.16955490000030693,
                    "children": {
                        "env_step": {
                            "total": 118.59893089999964,
                            "count": 6280,
                            "self": 101.47177839999968,
                            "children": {
                                "SubprocessEnvManager._take_step": {
                                    "total": 17.02736089999965,
                                    "count": 6280,
                                    "self": 0.548946400000009,
                                    "children": {
                                        "TorchPolicy.evaluate": {
                                            "total": 16.47841449999964,
                                            "count": 6280,
                                            "self": 6.454553000000255,
                                            "children": {
                                                "TorchPolicy.sample_actions": {
                                                    "total": 10.023861499999386,
                                                    "count": 6280,
                                                    "self": 10.023861499999386
                                                }
                                            }
                                        }
                                    }
                                },
                                "workers": {
                                    "total": 0.09979160000031762,
                                    "count": 6280,
                                    "self": 0.0,
                                    "children": {
                                        "worker_root": {
                                            "total": 120.3172777999999,
                                            "count": 6280,
                                            "is_parallel": true,
                                            "self": 40.6346224000002,
                                            "children": {
                                                "steps_from_proto": {
                                                    "total": 0.00044380000000021624,
                                                    "count": 1,
                                                    "is_parallel": true,
                                                    "self": 0.00010289999999990584,
                                                    "children": {
                                                        "_process_vector_observation": {
                                                            "total": 0.0003409000000003104,
                                                            "count": 2,
                                                            "is_parallel": true,
                                                            "self": 0.0003409000000003104
                                                        }
                                                    }
                                                },
                                                "UnityEnvironment.step": {
                                                    "total": 79.6822115999997,
                                                    "count": 6280,
                                                    "is_parallel": true,
                                                    "self": 0.6538042999992513,
                                                    "children": {
                                                        "UnityEnvironment._generate_step_input": {
                                                            "total": 5.974792499999947,
                                                            "count": 6280,
                                                            "is_parallel": true,