{
    "name": "root",
    "gauges": {
        "RocketLander.Policy.Entropy.mean": {
            "value": 1.4191550016403198,
            "min": 1.4180893898010254,
            "max": 1.4191550016403198,
            "count": 10
        },
        "RocketLander.Environment.LessonNumber.target_size.mean": {
            "value": 3.0,
            "min": 0.0,
            "max": 3.0,
            "count": 10
        },
        "RocketLander.Policy.ExtrinsicValueEstimate.mean": {
            "value": -0.9591436982154846,
            "min": -0.9591436982154846,
            "max": -0.20770832896232605,
            "count": 10
        },
        "RocketLander.Environment.EpisodeLength.mean": {
            "value": 152.82089552238807,
            "min": 149.28571428571428,
            "max": 164.73684210526315,
            "count": 10
        },
        "RocketLander.Environment.CumulativeReward.mean": {
            "value": -10.805441384965723,
            "min": -10.805441384965723,
            "max": -9.454126062940379,
            "count": 10
        },
        "RocketLander.Policy.ExtrinsicReward.mean": {
            "value": -10.805441384965723,
            "min": -10.805441384965723,
            "max": -9.454126062940379,
            "count": 10
        },
        "RocketLander.Losses.PolicyLoss.mean": {
            "value": 0.013316051025564473,
            "min": 0.010040465092364077,
            "max": 0.021021540703562398,
            "count": 10
        },
        "RocketLander.Losses.ValueLoss.mean": {
            "value": 0.2519110602637132,
            "min": 0.24054034302632016,
            "max": 0.9122723340988159,
            "count": 10
        },
        "RocketLander.Policy.LearningRate.mean": {
            "value": 3.03079787809031e-05,
            "min": 3.03079787809031e-05,
            "max": 0.0005742428588808277,
            "count": 10
        },
        "RocketLander.Policy.Epsilon.mean": {
            "value": 0.11594256051051868,
            "min": 0.11594256051051868,
            "max": 0.40206336765980666,
            "count": 10
        },
        "RocketLander.Policy.Beta.mean": {
            "value": 0.0003109965115240355,
            "min": 0.0003109965115240355,
            "max": 0.005712974742659196,
            "count": 10
        },
        "RocketLander.IsTraining.mean": {
            "value": 1.0,
            "min": 1.0,
            "max": 1.0,
            "count": 10
        }
    },
    "metadata": {
        "timer_format_version": "0.1.0",
        "start_time_seconds": "1615296882",
        "python_version": "3.8.7 (tags/v3.8.7:6503f05, Dec 21 2020, 17:59:51) [MSC v.1928 64 bit (AMD64)]",
        "command_line_arguments": "C:\\Users\\Daniel Rodrigues\\AppData\\Local\\Programs\\Python\\Python38\\Scripts\\mlagents-learn D:\\Documents\\GitHub\\ai-group-project-the-meme-team\\Python_Interface\\config\\2021.03.09_1334_RocketLander.yaml --env=Unity_Compiled_Files\\Rocket_Lander --run-id=2021.03.09_1334_RocketLander --seed=0 --train --base-port=46132 --height=500 --width=500",
        "mlagents_version": "0.23.0",
        "mlagents_envs_version": "0.23.0",
        "communication_protocol_version": "1.3.0",
        "pytorch_version": "1.7.1",
        "numpy_version": "1.18.5",
        "end_time_seconds": "1615297024"
    },
    "total": 141.2806379,
    "count": 1,
    "self": 2.312180999999981,
    "children": {
        "run_training.setup": {
            "total": 0.020634000000000263,
            "count": 1,
            "self": 0.020634000000000263
        },
        "TrainerController.start_learning": {
            "total": 138.9478229,
            "count": 1,
            "self": 0.32568219999993175,
            "children": {
                "TrainerController._reset_env": {
                    "total": 6.9896373999999994,
                    "count": 1,
                    "self": 6.9896373999999994
                },
                "TrainerController.advance": {
                    "total": 131.54206130000006,
                    "count": 6283,
                    "self": 0.19236510000015983,
                    "children": {
                        "env_step": {
                            "total": 131.3496961999999,
                            "count": 6283,
                            "self": 109.96770940000087,
                            "children": {
                                "SubprocessEnvManager._take_step": {
                                    "total": 21.27361459999974,
                                    "count": 6283,
                                    "self": 0.6380002999994403,
                                    "children": {
                                        "TorchPolicy.evaluate": {
                                            "total": 20.6356143000003,
                                            "count": 6283,
                                            "self": 8.064785300000237,
                                            "children": {
                                                "TorchPolicy.sample_actions": {
                                                    "total": 12.570829000000062,
                                                    "count": 6283,
                                                    "self": 12.570829000000062
                                                }
                                            }
                                        }
                                    }
                                },
                                "workers": {
                                    "total": 0.10837219999928038,
                                    "count": 6283,
                                    "self": 0.0,
                                    "children": {
                                        "worker_root": {
                                            "total": 133.29379909999946,
                                            "count": 6283,
                                            "is_parallel": true,
                                            "self": 44.80588619999878,
                                            "children": {
                                                "steps_from_proto": {
                                                    "total": 0.00046850000000020486,
                                                    "count": 1,
                                                    "is_parallel": true,
                                                    "self": 0.00010939999999948213,
                                                    "children": {
                                                        "_process_vector_observation": {
                                                            "total": 0.00035910000000072273,
                                                            "count": 2,
                                                            "is_parallel": true,
                                                            "self": 0.00035910000000072273
                                                        }
                                                    }
                                                },
                                                "UnityEnvironment.step": {
                                                    "total": 88.48744440000068,
                                                    "count": 6283,
                                                    "is_parallel": true,
                                                    "self": 0.780684500000774,
                                                    "children": {
                                                        "UnityEnvironment._generate_step_input": {
                                                            "total": 6.64358320000005,
                                                            "count": 6283,
                                                            "is_parallel": true,