{"count":1,"self":40.374473599999995,"total":42.277327799999995,"children":{"InitializeActuators":{"count":1,"self":0.0029923999999999997,"total":0.0029923999999999997,"children":null},"InitializeSensors":{"count":1,"self":0.0009958,"total":0.0009958,"children":null},"AgentSendState":{"count":1784,"self":0.0616954,"total":0.1516102,"children":{"CollectObservations":{"count":1784,"self":0.0259191,"total":0.0259191,"children":null},"WriteActionMask":{"count":1784,"self":0.0079589999999999991,"total":0.0079589999999999991,"children":null},"RequestDecision":{"count":1784,"self":0.056036699999999995,"total":0.056036699999999995,"children":null}}},"DecideAction":{"count":1784,"self":1.6632574999999998,"total":1.6632574999999998,"children":null},"AgentAct":{"count":1784,"self":0.08300189999999999,"total":0.08300189999999999,"children":null}},"gauges":{"RocketLander.CumulativeReward":{"count":5,"max":-9.194136,"min":-14.2894459,"runningAverage":-12.2645617,"value":-10.2303181,"weightedAverage":-12.4731865}},"metadata":{"timer_format_version":"0.1.0","start_time_seconds":"1616591450","unity_version":"2020.2.0f1","command_line_arguments":"C:\\Program Files\\Unity\\Hub\\Editor\\2020.2.0f1\\Editor\\Unity.exe -projectpath C:\/Users\/Ollie\/Documents\/University\/Year 4\/Intro to AI\/Projects\/AI_Master\/ai-group-project-the-meme-team\/Rocket_Lander -useHub -hubIPC -cloudEnvironment production -hubSessionId 78d2a870-8c86-11eb-adfc-eddaab9d2602","communication_protocol_version":"1.3.0","com.unity.ml-agents_version":"1.7.2-preview","scene_name":"Data_Extraction","end_time_seconds":"1616591492"}}