{"count":1,"self":323.1236864,"total":2750.4452266999997,"children":{"InitializeActuators":{"count":2,"self":0.0039897,"total":0.0039897,"children":null},"InitializeSensors":{"count":2,"self":0.0052536,"total":0.0052536,"children":null},"AgentSendState":{"count":250034,"self":9.961544,"total":39.7698888,"children":{"CollectObservations":{"count":500068,"self":4.3603879999999995,"total":4.3603881,"children":null},"WriteActionMask":{"count":500068,"self":2.1460847999999997,"total":2.1460847999999997,"children":null},"RequestDecision":{"count":500068,"self":10.2889736,"total":23.3018722,"children":{"AgentInfo.ToProto":{"count":500068,"self":5.89476,"total":13.0128984,"children":{"GenerateSensorData":{"count":500068,"self":7.1181383999999994,"total":7.1181382,"children":null}}}}}}},"DecideAction":{"count":250034,"self":2372.0482816,"total":2372.0482770999997,"children":null},"AgentAct":{"count":250034,"self":15.389344,"total":15.486150199999999,"children":{"AgentInfo.ToProto":{"count":3497,"self":0.040902999999999995,"total":0.096805999999999989,"children":{"GenerateSensorData":{"count":3497,"self":0.055902999999999994,"total":0.055902999999999994,"children":null}}}}}},"gauges":{"RocketLander.CumulativeReward":{"count":3497,"max":46.6096764,"min":-51.97635,"runningAverage":-2.52445865,"value":-0.330086231,"weightedAverage":-7.928482}},"metadata":{"timer_format_version":"0.1.0","start_time_seconds":"1612969271","unity_version":"2020.2.0f1","command_line_arguments":"C:\\Program Files\\Unity\\Hub\\Editor\\2020.2.0f1\\Editor\\Unity.exe -projectpath C:\/Users\/Ollie\/Documents\/University\/Year 4\/Intro to AI\/Projects\/AI_Master\/ai-group-project-the-meme-team\/Rocket_Lander -useHub -hubIPC -cloudEnvironment production -hubSessionId a43c0110-66e2-11eb-8b7f-8d4591131577 -accessToken CgkvbTZDvM844-g8pA29nqLu_od2rFgspFCaSx8Gx10005f","communication_protocol_version":"1.3.0","com.unity.ml-agents_version":"1.7.2-preview","scene_name":"Rocket_Lander_Scene","end_time_seconds":"1612972020"}}