{"Policy/Extrinsic Value Estimate": 1.4189387559890747, "Environment/Episode Length": 0.2143772542476654, "Is Training": 99.0, "Environment/Cumulative Reward": 1.0, "Policy/Extrinsic Reward": -7.081079006195068, "Losses/Policy Loss": -7.081079006195068, "Losses/Value Loss": 0.023441853001713753, "Policy/Learning Rate": 3.665489435195923, "Policy/Epsilon": 0.0002984630991704762, "Policy/Beta": 0.49795079231262207, "_runtime": 3, "_timestamp": 1614110232, "_step": 5130}