{
    "name": "root",
    "gauges": {
        "RocketLander.Policy.Entropy.mean": {
            "value": 0.5626922249794006,
            "min": 0.5623981952667236,
            "max": 1.4220460653305054,
            "count": 10000
        },
        "RocketLander.Environment.LessonNumber.target_size.mean": {
            "value": 3.0,
            "min": 0.0,
            "max": 3.0,
            "count": 10000
        },
        "RocketLander.Policy.ExtrinsicValueEstimate.mean": {
            "value": 1.17641019821167,
            "min": -4.083291053771973,
            "max": 2.3703184127807617,
            "count": 10000
        },
        "RocketLander.Environment.EpisodeLength.mean": {
            "value": 132.39473684210526,
            "min": 119.50602409638554,
            "max": 184.88679245283018,
            "count": 10000
        },
        "RocketLander.Environment.CumulativeReward.mean": {
            "value": -0.4490242749452591,
            "min": -12.027906002906652,
            "max": 1.480876149357976,
            "count": 10000
        },
        "RocketLander.Policy.ExtrinsicReward.mean": {
            "value": -0.4490242749452591,
            "min": -12.027906002906652,
            "max": 1.480876149357976,
            "count": 10000
        },
        "RocketLander.Losses.PolicyLoss.mean": {
            "value": 0.014669064636109397,
            "min": 0.004025758858915651,
            "max": 0.030856118227044742,
            "count": 10000
        },
        "RocketLander.Losses.ValueLoss.mean": {
            "value": 0.5048707003394763,
            "min": 0.047181484910349056,
            "max": 3.5848167737325034,
            "count": 10000
        },
        "RocketLander.Policy.LearningRate.mean": {
            "value": 1.3707494556998555e-08,
            "min": 1.3707494556998555e-08,
            "max": 0.000249987127505149,
            "count": 10000
        },
        "RocketLander.Policy.Epsilon.mean": {
            "value": 0.100016329,
            "min": 0.100016329,
            "max": 0.39998455299999996,
            "count": 10000
        },
        "RocketLander.Policy.Beta.mean": {
            "value": 1.0053885699999996e-05,
            "min": 1.0053885699999996e-05,
            "max": 0.0009999490249000002,
            "count": 10000
        },
        "RocketLander.IsTraining.mean": {
            "value": 1.0,
            "min": 1.0,
            "max": 1.0,
            "count": 10000
        }
    },
    "metadata": {
        "timer_format_version": "0.1.0",
        "start_time_seconds": "1614114838",
        "python_version": "3.7.4 (tags/v3.7.4:e09359112e, Jul  8 2019, 20:34:20) [MSC v.1916 64 bit (AMD64)]",
        "command_line_arguments": "C:\\Users\\Daniel.Rodrigues\\AppData\\Local\\Programs\\Python\\Python37\\Scripts\\mlagents-learn C:\\Users\\Daniel.Rodrigues\\Desktop\\Python_Interface\\config\\2021.02.23_2113_RocketLander.yaml --env=Unity_Compiled_Files\\Rocket_Lander --run-id=2021.02.23_2113_RocketLander --seed=0 --train --base-port=50995 --height=500 --width=500",
        "mlagents_version": "0.23.0",
        "mlagents_envs_version": "0.23.0",
        "communication_protocol_version": "1.3.0",
        "pytorch_version": "1.7.1+cpu",
        "numpy_version": "1.18.2",
        "end_time_seconds": "1614190294"
    },
    "total": 75454.1314192,
    "count": 1,
    "self": 2.2285678000043845,
    "children": {
        "run_training.setup": {
            "total": 0.01921959999999956,
            "count": 1,
            "self": 0.01921959999999956
        },
        "TrainerController.start_learning": {
            "total": 75451.8836318,
            "count": 1,
            "self": 571.1402634884871,
            "children": {
                "TrainerController._reset_env": {
                    "total": 4.0048568,
                    "count": 1,
                    "self": 4.0048568
                },
                "TrainerController.advance": {
                    "total": 74876.6830051115,
                    "count": 25000055,
                    "self": 347.9686836259352,
                    "children": {
                        "env_step": {
                            "total": 74528.71432148556,
                            "count": 25000055,
                            "self": 53353.641086581825,
                            "children": {
                                "SubprocessEnvManager._take_step": {
                                    "total": 20955.86358389636,
                                    "count": 25000055,
                                    "self": 1038.8970925823378,
                                    "children": {
                                        "TorchPolicy.evaluate": {
                                            "total": 19916.966491314022,
                                            "count": 25000055,
                                            "self": 3316.2196196201076,
                                            "children": {
                                                "TorchPolicy.sample_actions": {
                                                    "total": 16600.746871693915,
                                                    "count": 25000055,
                                                    "self": 16600.746871693915
                                                }
                                            }
                                        }
                                    }
                                },
                                "workers": {
                                    "total": 219.2096510073758,
                                    "count": 25000055,
                                    "self": 0.0,
                                    "children": {
                                        "worker_root": {
                                            "total": 75036.54835888345,
                                            "count": 25000055,
                                            "is_parallel": true,
                                            "self": 42795.00070617853,
                                            "children": {
                                                "steps_from_proto": {
                                                    "total": 0.002133099999999999,
                                                    "count": 1,
                                                    "is_parallel": true,
                                                    "self": 0.00023639999999991446,
                                                    "children": {
                                                        "_process_vector_observation": {
                                                            "total": 0.0018967000000000844,
                                                            "count": 2,
                                                            "is_parallel": true,
                                                            "self": 0.0018967000000000844
                                                        }
                                                    }
                                                },
                                                "UnityEnvironment.step": {
                                                    "total": 32241.545519604915,
                                                    "count": 25000055,
                                                    "is_parallel": true,
                                                    "self": 1420.4646279208682,
                                                    "children": {
                                                        "UnityEnvironment._generate_step_input": {
                                                            "total": 1862.770759592811,
                                                            "count": 25000055,
                                                            "is_parallel": true,