{
    "name": "root",
    "gauges": {
        "RocketLander.Policy.Entropy.mean": {
            "value": 1.4184056520462036,
            "min": 1.417109489440918,
            "max": 1.4186091423034668,
            "count": 10
        },
        "RocketLander.Environment.LessonNumber.target_size.mean": {
            "value": 3.0,
            "min": 0.0,
            "max": 3.0,
            "count": 10
        },
        "RocketLander.Policy.ExtrinsicValueEstimate.mean": {
            "value": -0.592272162437439,
            "min": -0.592272162437439,
            "max": -0.17485295236110687,
            "count": 10
        },
        "RocketLander.Environment.EpisodeLength.mean": {
            "value": 161.43548387096774,
            "min": 148.23333333333332,
            "max": 169.5,
            "count": 10
        },
        "RocketLander.Environment.CumulativeReward.mean": {
            "value": -11.047079999600687,
            "min": -11.250465765366187,
            "max": -9.615796573578365,
            "count": 10
        },
        "RocketLander.Policy.ExtrinsicReward.mean": {
            "value": -11.047079999600687,
            "min": -11.250465765366187,
            "max": -9.615796573578365,
            "count": 10
        },
        "RocketLander.Losses.PolicyLoss.mean": {
            "value": 0.017828825143321108,
            "min": 0.010132623137906194,
            "max": 0.02102971409719127,
            "count": 10
        },
        "RocketLander.Losses.ValueLoss.mean": {
            "value": 0.22418977816899618,
            "min": 0.21169475590189296,
            "max": 0.7357098261515299,
            "count": 10
        },
        "RocketLander.Policy.LearningRate.mean": {
            "value": 2.886207791727524e-05,
            "min": 2.886207791727524e-05,
            "max": 0.0005517099216828333,
            "count": 10
        },
        "RocketLander.Policy.Epsilon.mean": {
            "value": 0.11316352068792124,
            "min": 0.11316352068792124,
            "max": 0.35162667895689864,
            "count": 10
        },
        "RocketLander.Policy.Beta.mean": {
            "value": 0.0004577104243807859,
            "min": 0.0004577104243807859,
            "max": 0.008568188184768316,
            "count": 10
        },
        "RocketLander.IsTraining.mean": {
            "value": 1.0,
            "min": 1.0,
            "max": 1.0,
            "count": 10
        }
    },
    "metadata": {
        "timer_format_version": "0.1.0",
        "start_time_seconds": "1615296723",
        "python_version": "3.8.7 (tags/v3.8.7:6503f05, Dec 21 2020, 17:59:51) [MSC v.1928 64 bit (AMD64)]",
        "command_line_arguments": "C:\\Users\\Daniel Rodrigues\\AppData\\Local\\Programs\\Python\\Python38\\Scripts\\mlagents-learn D:\\Documents\\GitHub\\ai-group-project-the-meme-team\\Python_Interface\\config\\2021.03.09_1331_RocketLander.yaml --env=Unity_Compiled_Files\\Rocket_Lander --run-id=2021.03.09_1331_RocketLander --seed=0 --train --base-port=45336 --height=500 --width=500",
        "mlagents_version": "0.23.0",
        "mlagents_envs_version": "0.23.0",
        "communication_protocol_version": "1.3.0",
        "pytorch_version": "1.7.1",
        "numpy_version": "1.18.5",
        "end_time_seconds": "1615296863"
    },
    "total": 139.87684299999998,
    "count": 1,
    "self": 2.347194999999971,
    "children": {
        "run_training.setup": {
            "total": 0.01643490000000014,
            "count": 1,
            "self": 0.01643490000000014
        },
        "TrainerController.start_learning": {
            "total": 137.5132131,
            "count": 1,
            "self": 0.3126607000004924,
            "children": {
                "TrainerController._reset_env": {
                    "total": 6.712979799999999,
                    "count": 1,
                    "self": 6.712979799999999
                },
                "TrainerController.advance": {
                    "total": 130.40638599999951,
                    "count": 6281,
                    "self": 0.20128009999916685,
                    "children": {
                        "env_step": {
                            "total": 130.20510590000035,
                            "count": 6281,
                            "self": 107.6226067000002,
                            "children": {
                                "SubprocessEnvManager._take_step": {
                                    "total": 22.473534399999842,
                                    "count": 6281,
                                    "self": 0.7112644999994906,
                                    "children": {
                                        "TorchPolicy.evaluate": {
                                            "total": 21.76226990000035,
                                            "count": 6281,
                                            "self": 8.138756400000588,
                                            "children": {
                                                "TorchPolicy.sample_actions": {
                                                    "total": 13.623513499999763,
                                                    "count": 6281,
                                                    "self": 13.623513499999763
                                                }
                                            }
                                        }
                                    }
                                },
                                "workers": {
                                    "total": 0.1089648000002974,
                                    "count": 6281,
                                    "self": 0.0,
                                    "children": {
                                        "worker_root": {
                                            "total": 132.08370649999958,
                                            "count": 6281,
                                            "is_parallel": true,
                                            "self": 44.55650609999995,
                                            "children": {
                                                "steps_from_proto": {
                                                    "total": 0.0005287000000002706,
                                                    "count": 1,
                                                    "is_parallel": true,
                                                    "self": 0.00012280000000064462,
                                                    "children": {
                                                        "_process_vector_observation": {
                                                            "total": 0.000405899999999626,
                                                            "count": 2,
                                                            "is_parallel": true,
                                                            "self": 0.000405899999999626
                                                        }
                                                    }
                                                },
                                                "UnityEnvironment.step": {
                                                    "total": 87.52667169999962,
                                                    "count": 6281,
                                                    "is_parallel": true,
                                                    "self": 0.780840200000128,
                                                    "children": {
                                                        "UnityEnvironment._generate_step_input": {
                                                            "total": 6.546296799999759,
                                                            "count": 6281,
                                                            "is_parallel": true,