{
    "name": "root",
    "gauges": {
        "RocketLander.Policy.Entropy.mean": {
            "value": 1.4211786985397339,
            "min": 1.4188271760940552,
            "max": 1.4234901666641235,
            "count": 17257
        },
        "RocketLander.Policy.ExtrinsicValueEstimate.mean": {
            "value": -46.364715576171875,
            "min": -363.166015625,
            "max": 0.8650233745574951,
            "count": 17257
        },
        "RocketLander.Environment.EpisodeLength.mean": {
            "value": 223.0,
            "min": 83.0,
            "max": 892.0,
            "count": 3993
        },
        "RocketLander.IsTraining.mean": {
            "value": 1.0,
            "min": 1.0,
            "max": 1.0,
            "count": 17257
        },
        "RocketLander.Environment.CumulativeReward.mean": {
            "value": -325.8281784057617,
            "min": -6774.554786682129,
            "max": -81.71404647827148,
            "count": 3993
        },
        "RocketLander.Policy.ExtrinsicReward.mean": {
            "value": -325.8281784057617,
            "min": -6774.554786682129,
            "max": -81.71404647827148,
            "count": 3993
        },
        "RocketLander.Losses.PolicyLoss.mean": {
            "value": 0.01457977636406819,
            "min": 0.0032751010197292394,
            "max": 0.032713380021353565,
            "count": 195
        },
        "RocketLander.Losses.ValueLoss.mean": {
            "value": 572.3392639160156,
            "min": 345.4595082600911,
            "max": 10769.432942708334,
            "count": 195
        },
        "RocketLander.Policy.LearningRate.mean": {
            "value": 7.899997370000396e-08,
            "min": 7.899997370000396e-08,
            "max": 0.00029846880051039997,
            "count": 195
        },
        "RocketLander.Policy.Epsilon.mean": {
            "value": 0.10002630000000001,
            "min": 0.10002630000000001,
            "max": 0.19948960000000002,
            "count": 195
        },
        "RocketLander.Policy.Beta.mean": {
            "value": 1.0260370000000014e-05,
            "min": 1.0260370000000014e-05,
            "max": 0.00099494704,
            "count": 195
        }
    },
    "metadata": {
        "timer_format_version": "0.1.0",
        "start_time_seconds": "1610588931",
        "python_version": "3.8.7 (tags/v3.8.7:6503f05, Dec 21 2020, 17:59:51) [MSC v.1928 64 bit (AMD64)]",
        "command_line_arguments": "C:\\Users\\Daniel Rodrigues\\AppData\\Local\\Programs\\Python\\Python38\\Scripts\\mlagents-learn config/rocketlander_config_v1.yaml --run-id=2021.01.14_0148_RocketLander",
        "mlagents_version": "0.23.0",
        "mlagents_envs_version": "0.23.0",
        "communication_protocol_version": "1.3.0",
        "pytorch_version": "1.7.1",
        "numpy_version": "1.18.5",
        "end_time_seconds": "1610595380"
    },
    "total": 6449.2825193,
    "count": 1,
    "self": 0.007749999998850399,
    "children": {
        "run_training.setup": {
            "total": 0.03027179999999996,
            "count": 1,
            "self": 0.03027179999999996
        },
        "TrainerController.start_learning": {
            "total": 6449.244497500001,
            "count": 1,
            "self": 25.5514908004252,
            "children": {
                "TrainerController._reset_env": {
                    "total": 5.7395568,
                    "count": 1,
                    "self": 5.7395568
                },
                "TrainerController.advance": {
                    "total": 6417.8862261995755,
                    "count": 1000038,
                    "self": 12.40103799937333,
                    "children": {
                        "env_step": {
                            "total": 6405.485188200202,
                            "count": 1000038,
                            "self": 4358.355163700577,
                            "children": {
                                "SubprocessEnvManager._take_step": {
                                    "total": 2032.9715011997882,
                                    "count": 1000038,
                                    "self": 62.436873499656485,
                                    "children": {
                                        "TorchPolicy.evaluate": {
                                            "total": 1970.5346277001318,
                                            "count": 1000038,
                                            "self": 683.8524590998531,
                                            "children": {
                                                "TorchPolicy.sample_actions": {
                                                    "total": 1286.6821686002786,
                                                    "count": 1000038,
                                                    "self": 1286.6821686002786
                                                }
                                            }
                                        }
                                    }
                                },
                                "workers": {
                                    "total": 14.158523299837793,
                                    "count": 1000038,
                                    "self": 0.0,
                                    "children": {
                                        "worker_root": {
                                            "total": 6414.800792700081,
                                            "count": 1000038,
                                            "is_parallel": true,
                                            "self": 3057.1525255999195,
                                            "children": {
                                                "steps_from_proto": {
                                                    "total": 0.00035019999999974516,
                                                    "count": 1,
                                                    "is_parallel": true,
                                                    "self": 0.00010019999999855145,
                                                    "children": {
                                                        "_process_vector_observation": {
                                                            "total": 0.0002500000000011937,
                                                            "count": 2,
                                                            "is_parallel": true,
                                                            "self": 0.0002500000000011937
                                                        }
                                                    }
                                                },
                                                "UnityEnvironment.step": {
                                                    "total": 3357.6479169001614,
                                                    "count": 1000038,
                                                    "is_parallel": true,
                                                    "self": 64.25137349948454,
                                                    "children": {
                                                        "UnityEnvironment._generate_step_input": {
                                                            "total": 166.40982370007657,
                                                            "count": 1000038,
                                                            "is_parallel": true,
                                                            "self": 166.40982370007657
                                                        },
                                                        "communicator.exchange": {
                                                            "total": 2950.3193965001738,
                                                            "count": 1000038,