{
    "name": "root",
    "gauges": {
        "RocketLander.Policy.Entropy.mean": {
            "value": 1.4259281158447266,
            "min": 1.4175763130187988,
            "max": 1.4286854267120361,
            "count": 9922
        },
        "RocketLander.Environment.EpisodeLength.mean": {
            "value": 92.0,
            "min": 0.0,
            "max": 430.0,
            "count": 4823
        },
        "RocketLander.Policy.ExtrinsicValueEstimate.mean": {
            "value": 7.492908954620361,
            "min": -13.576431274414062,
            "max": 19.635353088378906,
            "count": 9922
        },
        "RocketLander.Environment.CumulativeReward.mean": {
            "value": 19.850000381469727,
            "min": -18.90000009536743,
            "max": 45.54999804496765,
            "count": 4823
        },
        "RocketLander.Policy.ExtrinsicReward.mean": {
            "value": 19.850000381469727,
            "min": -18.90000009536743,
            "max": 45.54999804496765,
            "count": 4823
        },
        "RocketLander.IsTraining.mean": {
            "value": 1.0,
            "min": 1.0,
            "max": 1.0,
            "count": 9922
        },
        "RocketLander.Losses.PolicyLoss.mean": {
            "value": 0.029499018099159002,
            "min": 0.012107129407619746,
            "max": 0.054038707399740815,
            "count": 240
        },
        "RocketLander.Losses.ValueLoss.mean": {
            "value": 0.2834085449576378,
            "min": 0.12067733705043793,
            "max": 29.76446072260539,
            "count": 240
        },
        "RocketLander.Policy.LearningRate.mean": {
            "value": 9.312996895999986e-07,
            "min": 9.312996895999986e-07,
            "max": 0.0002987526004157999,
            "count": 240
        },
        "RocketLander.Policy.Epsilon.mean": {
            "value": 0.10031039999999998,
            "min": 0.10031039999999998,
            "max": 0.19958420000000002,
            "count": 240
        },
        "RocketLander.Policy.Beta.mean": {
            "value": 4.100895999999995e-05,
            "min": 4.100895999999995e-05,
            "max": 0.009958461579999998,
            "count": 240
        }
    },
    "metadata": {
        "timer_format_version": "0.1.0",
        "start_time_seconds": "1610480132",
        "python_version": "3.8.7 (tags/v3.8.7:6503f05, Dec 21 2020, 17:59:51) [MSC v.1928 64 bit (AMD64)]",
        "command_line_arguments": "C:\\Users\\Daniel Rodrigues\\AppData\\Local\\Programs\\Python\\Python38\\Scripts\\mlagents-learn config/rocketlander_config.yaml --run-id=RocketLander --force",
        "mlagents_version": "0.23.0",
        "mlagents_envs_version": "0.23.0",
        "communication_protocol_version": "1.3.0",
        "pytorch_version": "1.7.1",
        "numpy_version": "1.18.5",
        "end_time_seconds": "1610483573"
    },
    "total": 3441.0390447,
    "count": 1,
    "self": 0.022165100000165694,
    "children": {
        "run_training.setup": {
            "total": 0.09221089999999998,
            "count": 1,
            "self": 0.09221089999999998
        },
        "TrainerController.start_learning": {
            "total": 3440.9246687,
            "count": 1,
            "self": 13.250341300076343,
            "children": {
                "TrainerController._reset_env": {
                    "total": 7.2641466,
                    "count": 1,
                    "self": 7.2641466
                },
                "TrainerController.advance": {
                    "total": 3420.3422710999234,
                    "count": 500058,
                    "self": 5.975480999886713,
                    "children": {
                        "env_step": {
                            "total": 3414.3667901000367,
                            "count": 500058,
                            "self": 2335.8643472001877,
                            "children": {
                                "SubprocessEnvManager._take_step": {
                                    "total": 1071.5639043000233,
                                    "count": 500058,
                                    "self": 35.268280499979255,
                                    "children": {
                                        "TorchPolicy.evaluate": {
                                            "total": 1036.295623800044,
                                            "count": 500058,
                                            "self": 373.54240460000176,
                                            "children": {
                                                "TorchPolicy.sample_actions": {
                                                    "total": 662.7532192000423,
                                                    "count": 500058,
                                                    "self": 662.7532192000423
                                                }
                                            }
                                        }
                                    }
                                },
                                "workers": {
                                    "total": 6.938538599825845,
                                    "count": 500058,
                                    "self": 0.0,
                                    "children": {
                                        "worker_root": {
                                            "total": 3418.649381000022,
                                            "count": 500058,
                                            "is_parallel": true,
                                            "self": 1640.4901771000516,
                                            "children": {
                                                "steps_from_proto": {
                                                    "total": 0.0003851999999993083,
                                                    "count": 1,
                                                    "is_parallel": true,
                                                    "self": 9.729999999841255e-05,
                                                    "children": {
                                                        "_process_vector_observation": {
                                                            "total": 0.00028790000000089577,
                                                            "count": 2,
                                                            "is_parallel": true,
                                                            "self": 0.00028790000000089577
                                                        }
                                                    }
                                                },
                                                "UnityEnvironment.step": {
                                                    "total": 1778.1588186999704,
                                                    "count": 500058,
                                                    "is_parallel": true,
                                                    "self": 33.45120469969788,
                                                    "children": {
                                                        "UnityEnvironment._generate_step_input": {
                                                            "total": 89.20090400017693,
                                                            "count": 500058,
                                                            "is_parallel": true,
                                                            "self": 89.20090400017693
                                                        },
                                                        "communicator.exchange": {
                                                            "total": 1562.6421010000233,
                                                            "count": 500058,