{
    "name": "root",
    "gauges": {
        "RocketLander.Policy.Entropy.mean": {
            "value": 1.4050177335739136,
            "min": 1.4050172567367554,
            "max": 1.422764539718628,
            "count": 8917
        },
        "RocketLander.Policy.ExtrinsicValueEstimate.mean": {
            "value": -5.103726387023926,
            "min": -7.727423667907715,
            "max": 0.08033643662929535,
            "count": 8917
        },
        "RocketLander.Environment.EpisodeLength.mean": {
            "value": 136.0,
            "min": 106.0,
            "max": 396.0,
            "count": 3814
        },
        "RocketLander.IsTraining.mean": {
            "value": 1.0,
            "min": 1.0,
            "max": 1.0,
            "count": 8917
        },
        "RocketLander.Environment.CumulativeReward.mean": {
            "value": -11.602548360824585,
            "min": -31.056987285614014,
            "max": 2.9878182411193848,
            "count": 3814
        },
        "RocketLander.Policy.ExtrinsicReward.mean": {
            "value": -11.602548360824585,
            "min": -31.056987285614014,
            "max": 2.9878182411193848,
            "count": 3814
        },
        "RocketLander.Losses.PolicyLoss.mean": {
            "value": 0.020456220634514466,
            "min": 0.013451850216370076,
            "max": 0.04953646419259409,
            "count": 240
        },
        "RocketLander.Losses.ValueLoss.mean": {
            "value": 0.006504315572480361,
            "min": 0.00245835580669033,
            "max": 0.38012631610035896,
            "count": 240
        },
        "RocketLander.Policy.LearningRate.mean": {
            "value": 4.794998401999966e-07,
            "min": 4.794998401999966e-07,
            "max": 0.00029875800041400004,
            "count": 240
        },
        "RocketLander.Policy.Epsilon.mean": {
            "value": 0.10015979999999998,
            "min": 0.10015979999999998,
            "max": 0.199586,
            "count": 240
        },
        "RocketLander.Policy.Beta.mean": {
            "value": 2.596401999999988e-05,
            "min": 2.596401999999988e-05,
            "max": 0.009958641399999997,
            "count": 240
        }
    },
    "metadata": {
        "timer_format_version": "0.1.0",
        "start_time_seconds": "1613060722",
        "python_version": "3.8.3 (default, Jul  2 2020, 17:30:36) [MSC v.1916 64 bit (AMD64)]",
        "command_line_arguments": "C:\\Users\\HP\\anaconda3\\Scripts\\mlagents-learn config/rocketlander_config_202102111523JH.yaml --run-id=2021.02.11_1624_RocketLanderJAH",
        "mlagents_version": "0.23.0",
        "mlagents_envs_version": "0.23.0",
        "communication_protocol_version": "1.3.0",
        "pytorch_version": "1.7.1",
        "numpy_version": "1.19.5",
        "end_time_seconds": "1613067477"
    },
    "total": 6754.7456093,
    "count": 1,
    "self": 0.034740400000373484,
    "children": {
        "run_training.setup": {
            "total": 0.06696580000000019,
            "count": 1,
            "self": 0.06696580000000019
        },
        "TrainerController.start_learning": {
            "total": 6754.6439031,
            "count": 1,
            "self": 28.58996750037386,
            "children": {
                "TrainerController._reset_env": {
                    "total": 14.1260067,
                    "count": 1,
                    "self": 14.1260067
                },
                "TrainerController.advance": {
                    "total": 6711.781573699626,
                    "count": 500051,
                    "self": 15.183339399738543,
                    "children": {
                        "env_step": {
                            "total": 6696.598234299888,
                            "count": 500051,
                            "self": 5478.826903199717,
                            "children": {
                                "SubprocessEnvManager._take_step": {
                                    "total": 1200.3377267002957,
                                    "count": 500051,
                                    "self": 67.4343199003938,
                                    "children": {
                                        "TorchPolicy.evaluate": {
                                            "total": 1132.9034067999019,
                                            "count": 500051,
                                            "self": 237.65561439999215,
                                            "children": {
                                                "TorchPolicy.sample_actions": {
                                                    "total": 895.2477923999097,
                                                    "count": 500051,
                                                    "self": 895.2477923999097
                                                }
                                            }
                                        }
                                    }
                                },
                                "workers": {
                                    "total": 17.433604399874994,
                                    "count": 500051,
                                    "self": 0.0,
                                    "children": {
                                        "worker_root": {
                                            "total": 6709.619799099807,
                                            "count": 500051,
                                            "is_parallel": true,
                                            "self": 2645.95947369969,
                                            "children": {
                                                "steps_from_proto": {
                                                    "total": 0.0004890999999993539,
                                                    "count": 1,
                                                    "is_parallel": true,
                                                    "self": 0.00019419999999925608,
                                                    "children": {
                                                        "_process_vector_observation": {
                                                            "total": 0.00029490000000009786,
                                                            "count": 2,
                                                            "is_parallel": true,
                                                            "self": 0.00029490000000009786
                                                        }
                                                    }
                                                },
                                                "UnityEnvironment.step": {
                                                    "total": 4063.659836300117,
                                                    "count": 500051,
                                                    "is_parallel": true,
                                                    "self": 79.7707991002103,
                                                    "children": {
                                                        "UnityEnvironment._generate_step_input": {
                                                            "total": 199.98817889967899,
                                                            "count": 500051,
                                                            "is_parallel": true,
                                                            "self": 199.98817889967899
                                                        },
                                                        "communicator.exchange": {
                                                            "total": 3579.862778900078,
                                                            "count": 500051,