{"Policy/Entropy": 1.4152888059616089, "_runtime": 54, "_timestamp": 1613693430, "_step": 999950, "Policy/Extrinsic Value Estimate": -3.829868793487549, "Is Training": 1.0, "Environment/Cumulative Reward": -8.210884094238281, "Policy/Extrinsic Reward": -8.210884094238281}