{
    "name": "root",
    "gauges": {
        "RocketLander.Policy.Entropy.mean": {
            "value": 1.4189066886901855,
            "min": 1.4189066886901855,
            "max": 1.4189066886901855,
            "count": 1
        },
        "RocketLander.Environment.LessonNumber.target_size.mean": {
            "value": 0.0,
            "min": 0.0,
            "max": 0.0,
            "count": 1
        },
        "RocketLander.Policy.ExtrinsicValueEstimate.mean": {
            "value": -0.17708082497119904,
            "min": -0.17708082497119904,
            "max": -0.17708082497119904,
            "count": 1
        },
        "RocketLander.Environment.EpisodeLength.mean": {
            "value": 150.93103448275863,
            "min": 150.93103448275863,
            "max": 150.93103448275863,
            "count": 1
        },
        "RocketLander.Environment.CumulativeReward.mean": {
            "value": -9.646724779030372,
            "min": -9.646724779030372,
            "max": -9.646724779030372,
            "count": 1
        },
        "RocketLander.Policy.ExtrinsicReward.mean": {
            "value": -9.646724779030372,
            "min": -9.646724779030372,
            "max": -9.646724779030372,
            "count": 1
        },
        "RocketLander.Losses.PolicyLoss.mean": {
            "value": 0.014251298659170667,
            "min": 0.014251298659170667,
            "max": 0.014251298659170667,
            "count": 1
        },
        "RocketLander.Losses.ValueLoss.mean": {
            "value": 0.8431562880674998,
            "min": 0.8431562880674998,
            "max": 0.8431562880674998,
            "count": 1
        },
        "RocketLander.Policy.LearningRate.mean": {
            "value": 5.372908502405883e-05,
            "min": 5.372908502405883e-05,
            "max": 5.372908502405883e-05,
            "count": 1
        },
        "RocketLander.Policy.Epsilon.mean": {
            "value": 0.12844802832037325,
            "min": 0.12844802832037325,
            "max": 0.12844802832037325,
            "count": 1
        },
        "RocketLander.Policy.Beta.mean": {
            "value": 0.0014686375263020305,
            "min": 0.0014686375263020305,
            "max": 0.0014686375263020305,
            "count": 1
        },
        "RocketLander.IsTraining.mean": {
            "value": 1.0,
            "min": 1.0,
            "max": 1.0,
            "count": 1
        }
    },
    "metadata": {
        "timer_format_version": "0.1.0",
        "start_time_seconds": "1615295895",
        "python_version": "3.8.7 (tags/v3.8.7:6503f05, Dec 21 2020, 17:59:51) [MSC v.1928 64 bit (AMD64)]",
        "command_line_arguments": "C:\\Users\\Daniel Rodrigues\\AppData\\Local\\Programs\\Python\\Python38\\Scripts\\mlagents-learn D:\\Documents\\GitHub\\ai-group-project-the-meme-team\\Python_Interface\\config\\2021.03.09_1318_RocketLander.yaml --env=Unity_Compiled_Files\\Rocket_Lander --run-id=2021.03.09_1318_RocketLander --seed=0 --train --base-port=43103 --height=500 --width=500",
        "mlagents_version": "0.23.0",
        "mlagents_envs_version": "0.23.0",
        "communication_protocol_version": "1.3.0",
        "pytorch_version": "1.7.1",
        "numpy_version": "1.18.5",
        "end_time_seconds": "1615295916"
    },
    "total": 21.4728739,
    "count": 1,
    "self": 2.3080359,
    "children": {
        "run_training.setup": {
            "total": 0.01864240000000006,
            "count": 1,
            "self": 0.01864240000000006
        },
        "TrainerController.start_learning": {
            "total": 19.1461956,
            "count": 1,
            "self": 0.04188470000001132,
            "children": {
                "TrainerController._reset_env": {
                    "total": 6.1881542,
                    "count": 1,
                    "self": 6.1881542
                },
                "TrainerController.advance": {
                    "total": 12.804666699999988,
                    "count": 658,
                    "self": 0.018050600000018235,
                    "children": {
                        "env_step": {
                            "total": 12.78661609999997,
                            "count": 658,
                            "self": 10.788671800000017,
                            "children": {
                                "SubprocessEnvManager._take_step": {
                                    "total": 1.987971399999969,
                                    "count": 658,
                                    "self": 0.058879099999918694,
                                    "children": {
                                        "TorchPolicy.evaluate": {
                                            "total": 1.9290923000000504,
                                            "count": 658,
                                            "self": 0.7152288000000144,
                                            "children": {
                                                "TorchPolicy.sample_actions": {
                                                    "total": 1.213863500000036,
                                                    "count": 658,
                                                    "self": 1.213863500000036
                                                }
                                            }
                                        }
                                    }
                                },
                                "workers": {
                                    "total": 0.009972899999983298,
                                    "count": 658,
                                    "self": 0.0,
                                    "children": {
                                        "worker_root": {
                                            "total": 14.046160000000041,
                                            "count": 658,
                                            "is_parallel": true,
                                            "self": 5.211456900000066,
                                            "children": {
                                                "steps_from_proto": {
                                                    "total": 0.0004334000000003613,
                                                    "count": 1,
                                                    "is_parallel": true,
                                                    "self": 0.00010090000000140265,
                                                    "children": {
                                                        "_process_vector_observation": {
                                                            "total": 0.00033249999999895863,
                                                            "count": 2,
                                                            "is_parallel": true,
                                                            "self": 0.00033249999999895863
                                                        }
                                                    }
                                                },
                                                "UnityEnvironment.step": {
                                                    "total": 8.834269699999975,
                                                    "count": 658,
                                                    "is_parallel": true,
                                                    "self": 0.07166049999999125,
                                                    "children": {
                                                        "UnityEnvironment._generate_step_input": {
                                                            "total": 0.6442627000000112,
                                                            "count": 658,
                                                            "is_parallel": true,