{
    "name": "root",
    "gauges": {
        "RocketLander.Policy.Entropy.mean": {
            "value": 0.6741628646850586,
            "min": 0.6739938855171204,
            "max": 1.4208155870437622,
            "count": 10000
        },
        "RocketLander.Environment.LessonNumber.target_size.mean": {
            "value": 3.0,
            "min": 0.0,
            "max": 3.0,
            "count": 10000
        },
        "RocketLander.Policy.ExtrinsicValueEstimate.mean": {
            "value": -1.6625738143920898,
            "min": -4.295696258544922,
            "max": 0.07446780055761337,
            "count": 10000
        },
        "RocketLander.Environment.EpisodeLength.mean": {
            "value": 126.15789473684211,
            "min": 114.48863636363636,
            "max": 180.48214285714286,
            "count": 10000
        },
        "RocketLander.Environment.CumulativeReward.mean": {
            "value": -4.964529998116679,
            "min": -12.401260737939314,
            "max": -2.5952903233565294,
            "count": 10000
        },
        "RocketLander.Policy.ExtrinsicReward.mean": {
            "value": -4.964529998116679,
            "min": -12.401260737939314,
            "max": -2.5952903233565294,
            "count": 10000
        },
        "RocketLander.Losses.PolicyLoss.mean": {
            "value": 0.0122772715985775,
            "min": 0.002323203396978594,
            "max": 0.032790329307317734,
            "count": 10000
        },
        "RocketLander.Losses.ValueLoss.mean": {
            "value": 0.5509066209197044,
            "min": 0.07670295052230358,
            "max": 3.9883299668629966,
            "count": 10000
        },
        "RocketLander.Policy.LearningRate.mean": {
            "value": 1.3981244447500181e-08,
            "min": 1.3981244447500181e-08,
            "max": 0.00024998723250510693,
            "count": 10000
        },
        "RocketLander.Policy.Epsilon.mean": {
            "value": 0.10000555250000001,
            "min": 0.10000555250000001,
            "max": 0.19999489299999998,
            "count": 10000
        },
        "RocketLander.Policy.Beta.mean": {
            "value": 1.0054969750000002e-05,
            "min": 1.0054969750000002e-05,
            "max": 0.0009999494407,
            "count": 10000
        },
        "RocketLander.IsTraining.mean": {
            "value": 1.0,
            "min": 1.0,
            "max": 1.0,
            "count": 10000
        }
    },
    "metadata": {
        "timer_format_version": "0.1.0",
        "start_time_seconds": "1613591733",
        "python_version": "3.7.4 (tags/v3.7.4:e09359112e, Jul  8 2019, 20:34:20) [MSC v.1916 64 bit (AMD64)]",
        "command_line_arguments": "C:\\Users\\Daniel.Rodrigues\\AppData\\Local\\Programs\\Python\\Python37\\Scripts\\mlagents-learn C:\\Users\\Daniel.Rodrigues\\Desktop\\ai-group-project-the-meme-team\\Python_Interface\\config\\2021.02.17_1955_RocketLander.yaml --env=Unity_Compiled_Files\\Rocket_Lander --run-id=2021.02.17_1955_RocketLander --seed=0 --train --base-port=54929 --height=500 --width=500",
        "mlagents_version": "0.23.0",
        "mlagents_envs_version": "0.23.0",
        "communication_protocol_version": "1.3.0",
        "pytorch_version": "1.7.1+cpu",
        "numpy_version": "1.18.2",
        "end_time_seconds": "1613662654"
    },
    "total": 70921.515299527,
    "count": 1,
    "self": 2.2802421850065,
    "children": {
        "run_training.setup": {
            "total": 0.016560200999999886,
            "count": 1,
            "self": 0.016560200999999886
        },
        "TrainerController.start_learning": {
            "total": 70919.218497141,
            "count": 1,
            "self": 545.7533354245825,
            "children": {
                "TrainerController._reset_env": {
                    "total": 4.210673387,
                    "count": 1,
                    "self": 4.210673387
                },
                "TrainerController.advance": {
                    "total": 70369.21223634941,
                    "count": 25000044,
                    "self": 342.97691329414374,
                    "children": {
                        "env_step": {
                            "total": 70026.23532305527,
                            "count": 25000044,
                            "self": 48895.97316108411,
                            "children": {
                                "SubprocessEnvManager._take_step": {
                                    "total": 20918.034706003615,
                                    "count": 25000044,
                                    "self": 942.6659431759581,
                                    "children": {
                                        "TorchPolicy.evaluate": {
                                            "total": 19975.368762827657,
                                            "count": 25000044,
                                            "self": 3113.243518100673,
                                            "children": {
                                                "TorchPolicy.sample_actions": {
                                                    "total": 16862.125244726984,
                                                    "count": 25000044,
                                                    "self": 16862.125244726984
                                                }
                                            }
                                        }
                                    }
                                },
                                "workers": {
                                    "total": 212.22745596754584,
                                    "count": 25000044,
                                    "self": 0.0,
                                    "children": {
                                        "worker_root": {
                                            "total": 70515.48716961003,
                                            "count": 25000044,
                                            "is_parallel": true,
                                            "self": 40010.15533165771,
                                            "children": {
                                                "steps_from_proto": {
                                                    "total": 0.0016343149999995532,
                                                    "count": 1,
                                                    "is_parallel": true,
                                                    "self": 0.0002325010000001626,
                                                    "children": {
                                                        "_process_vector_observation": {
                                                            "total": 0.0014018139999993906,
                                                            "count": 2,
                                                            "is_parallel": true,
                                                            "self": 0.0014018139999993906
                                                        }
                                                    }
                                                },
                                                "UnityEnvironment.step": {
                                                    "total": 30505.33020363732,
                                                    "count": 25000044,
                                                    "is_parallel": true,
                                                    "self": 1395.9316018014179,
                                                    "children": {
                                                        "UnityEnvironment._generate_step_input": {
                                                            "total": 1705.0585714749052,
                                                            "count": 25000044,