{
    "name": "root",
    "gauges": {
        "RocketLander.Policy.Entropy.mean": {
            "value": 1.418960452079773,
            "min": 1.4182069301605225,
            "max": 1.4192010164260864,
            "count": 10
        },
        "RocketLander.Environment.LessonNumber.target_size.mean": {
            "value": 3.0,
            "min": 0.0,
            "max": 3.0,
            "count": 10
        },
        "RocketLander.Policy.ExtrinsicValueEstimate.mean": {
            "value": -2.839939594268799,
            "min": -2.839939594268799,
            "max": -0.4404822289943695,
            "count": 10
        },
        "RocketLander.Environment.EpisodeLength.mean": {
            "value": 168.23333333333332,
            "min": 148.2741935483871,
            "max": 170.93103448275863,
            "count": 10
        },
        "RocketLander.Environment.CumulativeReward.mean": {
            "value": -11.327410892645519,
            "min": -12.029935852955964,
            "max": -9.565902894543063,
            "count": 10
        },
        "RocketLander.Policy.ExtrinsicReward.mean": {
            "value": -11.327410892645519,
            "min": -12.029935852955964,
            "max": -9.565902894543063,
            "count": 10
        },
        "RocketLander.Losses.PolicyLoss.mean": {
            "value": 0.009595185438229237,
            "min": 0.008516626393732924,
            "max": 0.02326794092853864,
            "count": 10
        },
        "RocketLander.Losses.ValueLoss.mean": {
            "value": 0.522763275851806,
            "min": 0.30192640175422036,
            "max": 2.6140663623809814,
            "count": 10
        },
        "RocketLander.Policy.LearningRate.mean": {
            "value": 2.015212362536083e-05,
            "min": 2.015212362536083e-05,
            "max": 0.0003953606346367579,
            "count": 10
        },
        "RocketLander.Policy.Epsilon.mean": {
            "value": 0.11040066496710801,
            "min": 0.11040066496710801,
            "max": 0.30404960506292517,
            "count": 10
        },
        "RocketLander.Policy.Beta.mean": {
            "value": 0.0003464714728803666,
            "min": 0.0003464714728803666,
            "max": 0.006611200151462069,
            "count": 10
        },
        "RocketLander.IsTraining.mean": {
            "value": 1.0,
            "min": 1.0,
            "max": 1.0,
            "count": 10
        }
    },
    "metadata": {
        "timer_format_version": "0.1.0",
        "start_time_seconds": "1615298079",
        "python_version": "3.8.7 (tags/v3.8.7:6503f05, Dec 21 2020, 17:59:51) [MSC v.1928 64 bit (AMD64)]",
        "command_line_arguments": "C:\\Users\\Daniel Rodrigues\\AppData\\Local\\Programs\\Python\\Python38\\Scripts\\mlagents-learn D:\\Documents\\GitHub\\ai-group-project-the-meme-team\\Python_Interface\\config\\2021.03.09_1354_RocketLander.yaml --env=Unity_Compiled_Files\\Rocket_Lander --run-id=2021.03.09_1354_RocketLander --seed=0 --train --base-port=52327 --height=500 --width=500",
        "mlagents_version": "0.23.0",
        "mlagents_envs_version": "0.23.0",
        "communication_protocol_version": "1.3.0",
        "pytorch_version": "1.7.1",
        "numpy_version": "1.18.5",
        "end_time_seconds": "1615298208"
    },
    "total": 128.8353788,
    "count": 1,
    "self": 2.312639400000009,
    "children": {
        "run_training.setup": {
            "total": 0.027100299999999855,
            "count": 1,
            "self": 0.027100299999999855
        },
        "TrainerController.start_learning": {
            "total": 126.49563909999999,
            "count": 1,
            "self": 0.2735204999998331,
            "children": {
                "TrainerController._reset_env": {
                    "total": 6.2787741,
                    "count": 1,
                    "self": 6.2787741
                },
                "TrainerController.advance": {
                    "total": 119.86717260000013,
                    "count": 6278,
                    "self": 0.17137300000047162,
                    "children": {
                        "env_step": {
                            "total": 119.69579959999966,
                            "count": 6278,
                            "self": 102.49688140000077,
                            "children": {
                                "SubprocessEnvManager._take_step": {
                                    "total": 17.098095799999175,
                                    "count": 6278,
                                    "self": 0.5611611999995354,
                                    "children": {
                                        "TorchPolicy.evaluate": {
                                            "total": 16.53693459999964,
                                            "count": 6278,
                                            "self": 6.466659799999599,
                                            "children": {
                                                "TorchPolicy.sample_actions": {
                                                    "total": 10.07027480000004,
                                                    "count": 6278,
                                                    "self": 10.07027480000004
                                                }
                                            }
                                        }
                                    }
                                },
                                "workers": {
                                    "total": 0.10082239999971776,
                                    "count": 6278,
                                    "self": 0.0,
                                    "children": {
                                        "worker_root": {
                                            "total": 121.56566849999994,
                                            "count": 6278,
                                            "is_parallel": true,
                                            "self": 41.043030500000526,
                                            "children": {
                                                "steps_from_proto": {
                                                    "total": 0.0004356000000003135,
                                                    "count": 1,
                                                    "is_parallel": true,
                                                    "self": 0.00010159999999981295,
                                                    "children": {
                                                        "_process_vector_observation": {
                                                            "total": 0.00033400000000050056,
                                                            "count": 2,
                                                            "is_parallel": true,
                                                            "self": 0.00033400000000050056
                                                        }
                                                    }
                                                },
                                                "UnityEnvironment.step": {
                                                    "total": 80.52220239999941,
                                                    "count": 6278,
                                                    "is_parallel": true,
                                                    "self": 0.680812199999437,
                                                    "children": {
                                                        "UnityEnvironment._generate_step_input": {
                                                            "total": 6.067407600000328,
                                                            "count": 6278,
                                                            "is_parallel": true,