{
    "name": "root",
    "gauges": {
        "RocketLander.Policy.Entropy.mean": {
            "value": 1.4185779094696045,
            "min": 1.4183874130249023,
            "max": 1.41886568069458,
            "count": 10
        },
        "RocketLander.Environment.LessonNumber.target_size.mean": {
            "value": 3.0,
            "min": 0.0,
            "max": 3.0,
            "count": 10
        },
        "RocketLander.Policy.ExtrinsicValueEstimate.mean": {
            "value": -0.722881019115448,
            "min": -0.722881019115448,
            "max": -0.17241880297660828,
            "count": 10
        },
        "RocketLander.Environment.EpisodeLength.mean": {
            "value": 156.87692307692308,
            "min": 147.90322580645162,
            "max": 162.06666666666666,
            "count": 10
        },
        "RocketLander.Environment.CumulativeReward.mean": {
            "value": -10.83338008143685,
            "min": -10.989821130229581,
            "max": -9.27842746406305,
            "count": 10
        },
        "RocketLander.Policy.ExtrinsicReward.mean": {
            "value": -10.83338008143685,
            "min": -10.989821130229581,
            "max": -9.27842746406305,
            "count": 10
        },
        "RocketLander.Losses.PolicyLoss.mean": {
            "value": 0.013683378929272294,
            "min": 0.006411135788463676,
            "max": 0.018564433684029307,
            "count": 10
        },
        "RocketLander.Losses.ValueLoss.mean": {
            "value": 0.2168154927591483,
            "min": 0.18868049855033556,
            "max": 0.7217185099919637,
            "count": 10
        },
        "RocketLander.Policy.LearningRate.mean": {
            "value": 3.20661564502125e-05,
            "min": 3.20661564502125e-05,
            "max": 0.0005904636233155283,
            "count": 10
        },
        "RocketLander.Policy.Epsilon.mean": {
            "value": 0.11407764831342891,
            "min": 0.11407764831342891,
            "max": 0.359225447196799,
            "count": 10
        },
        "RocketLander.Policy.Beta.mean": {
            "value": 0.00045145262892280216,
            "min": 0.00045145262892280216,
            "max": 0.008138897142540043,
            "count": 10
        },
        "RocketLander.IsTraining.mean": {
            "value": 1.0,
            "min": 1.0,
            "max": 1.0,
            "count": 10
        }
    },
    "metadata": {
        "timer_format_version": "0.1.0",
        "start_time_seconds": "1615297784",
        "python_version": "3.8.7 (tags/v3.8.7:6503f05, Dec 21 2020, 17:59:51) [MSC v.1928 64 bit (AMD64)]",
        "command_line_arguments": "C:\\Users\\Daniel Rodrigues\\AppData\\Local\\Programs\\Python\\Python38\\Scripts\\mlagents-learn D:\\Documents\\GitHub\\ai-group-project-the-meme-team\\Python_Interface\\config\\2021.03.09_1349_RocketLander.yaml --env=Unity_Compiled_Files\\Rocket_Lander --run-id=2021.03.09_1349_RocketLander --seed=0 --train --base-port=50786 --height=500 --width=500",
        "mlagents_version": "0.23.0",
        "mlagents_envs_version": "0.23.0",
        "communication_protocol_version": "1.3.0",
        "pytorch_version": "1.7.1",
        "numpy_version": "1.18.5",
        "end_time_seconds": "1615297912"
    },
    "total": 128.0346014,
    "count": 1,
    "self": 2.301286200000007,
    "children": {
        "run_training.setup": {
            "total": 0.016938199999999792,
            "count": 1,
            "self": 0.016938199999999792
        },
        "TrainerController.start_learning": {
            "total": 125.71637700000001,
            "count": 1,
            "self": 0.2781758000002412,
            "children": {
                "TrainerController._reset_env": {
                    "total": 6.136192699999999,
                    "count": 1,
                    "self": 6.136192699999999
                },
                "TrainerController.advance": {
                    "total": 119.21316259999975,
                    "count": 6286,
                    "self": 0.16731889999900318,
                    "children": {
                        "env_step": {
                            "total": 119.04584370000075,
                            "count": 6286,
                            "self": 99.68043619999969,
                            "children": {
                                "SubprocessEnvManager._take_step": {
                                    "total": 19.263338200000597,
                                    "count": 6286,
                                    "self": 0.5587996000005191,
                                    "children": {
                                        "TorchPolicy.evaluate": {
                                            "total": 18.704538600000078,
                                            "count": 6286,
                                            "self": 6.914198099999629,
                                            "children": {
                                                "TorchPolicy.sample_actions": {
                                                    "total": 11.790340500000449,
                                                    "count": 6286,
                                                    "self": 11.790340500000449
                                                }
                                            }
                                        }
                                    }
                                },
                                "workers": {
                                    "total": 0.10206930000045489,
                                    "count": 6286,
                                    "self": 0.0,
                                    "children": {
                                        "worker_root": {
                                            "total": 120.85980089999998,
                                            "count": 6286,
                                            "is_parallel": true,
                                            "self": 41.499083599999935,
                                            "children": {
                                                "steps_from_proto": {
                                                    "total": 0.0004545999999994166,
                                                    "count": 1,
                                                    "is_parallel": true,
                                                    "self": 0.00010629999999878237,
                                                    "children": {
                                                        "_process_vector_observation": {
                                                            "total": 0.0003483000000006342,
                                                            "count": 2,
                                                            "is_parallel": true,
                                                            "self": 0.0003483000000006342
                                                        }
                                                    }
                                                },
                                                "UnityEnvironment.step": {
                                                    "total": 79.36026270000005,
                                                    "count": 6286,
                                                    "is_parallel": true,
                                                    "self": 0.6363285999998851,
                                                    "children": {
                                                        "UnityEnvironment._generate_step_input": {
                                                            "total": 6.012493800000622,
                                                            "count": 6286,
                                                            "is_parallel": true,