{
    "name": "root",
    "gauges": {
        "RocketLander.Policy.Entropy.mean": {
            "value": 1.4189385175704956,
            "min": 1.418938398361206,
            "max": 1.4189385175704956,
            "count": 25
        },
        "RocketLander.Policy.ExtrinsicValueEstimate.mean": {
            "value": -0.29389917850494385,
            "min": -0.48115402460098267,
            "max": 0.4517917037010193,
            "count": 25
        },
        "RocketLander.Environment.EpisodeLength.mean": {
            "value": 138.0,
            "min": 85.0,
            "max": 256.0,
            "count": 8
        },
        "RocketLander.IsTraining.mean": {
            "value": 1.0,
            "min": 1.0,
            "max": 1.0,
            "count": 25
        },
        "RocketLander.Environment.CumulativeReward.mean": {
            "value": 298.09578561782837,
            "min": 298.09578561782837,
            "max": 887.3216857910156,
            "count": 8
        },
        "RocketLander.Policy.ExtrinsicReward.mean": {
            "value": 298.09578561782837,
            "min": 298.09578561782837,
            "max": 887.3216857910156,
            "count": 8
        }
    },
    "metadata": {
        "timer_format_version": "0.1.0",
        "start_time_seconds": "1612367025",
        "python_version": "3.8.7rc1 (tags/v3.8.7rc1:e320109, Dec  7 2020, 16:42:32) [MSC v.1927 64 bit (AMD64)]",
        "command_line_arguments": "C:\\Users\\lynch\\AppData\\Local\\Programs\\Python\\Python38\\Scripts\\mlagents-learn config/rocketlander_config_v1.yaml --run-id 2021.02.03_1543_RocketLander",
        "mlagents_version": "0.23.0",
        "mlagents_envs_version": "0.23.0",
        "communication_protocol_version": "1.3.0",
        "pytorch_version": "1.7.1+cpu",
        "numpy_version": "1.20.0",
        "end_time_seconds": "1612367105"
    },
    "total": 79.98997,
    "count": 1,
    "self": 0.05076209999998582,
    "children": {
        "run_training.setup": {
            "total": 0.08586270000000162,
            "count": 1,
            "self": 0.08586270000000162
        },
        "TrainerController.start_learning": {
            "total": 79.8533452,
            "count": 1,
            "self": 0.18390270000006126,
            "children": {
                "TrainerController._reset_env": {
                    "total": 31.765454300000002,
                    "count": 1,
                    "self": 31.765454300000002
                },
                "TrainerController.advance": {
                    "total": 46.37727089999995,
                    "count": 1451,
                    "self": 0.07730150000004699,
                    "children": {
                        "env_step": {
                            "total": 46.2999693999999,
                            "count": 1451,
                            "self": 36.3048456999998,
                            "children": {
                                "SubprocessEnvManager._take_step": {
                                    "total": 9.924149200000208,
                                    "count": 1451,
                                    "self": 0.49855519999992026,
                                    "children": {
                                        "TorchPolicy.evaluate": {
                                            "total": 9.425594000000288,
                                            "count": 1451,
                                            "self": 2.043564700000424,
                                            "children": {
                                                "TorchPolicy.sample_actions": {
                                                    "total": 7.382029299999864,
                                                    "count": 1451,
                                                    "self": 7.382029299999864
                                                }
                                            }
                                        }
                                    }
                                },
                                "workers": {
                                    "total": 0.0709744999998918,
                                    "count": 1450,
                                    "self": 0.0,
                                    "children": {
                                        "worker_root": {
                                            "total": 46.389412300000195,
                                            "count": 1450,
                                            "is_parallel": true,
                                            "self": 17.566934200000137,
                                            "children": {
                                                "steps_from_proto": {
                                                    "total": 0.015913099999998792,
                                                    "count": 1,
                                                    "is_parallel": true,
                                                    "self": 0.0008960999999949593,
                                                    "children": {
                                                        "_process_vector_observation": {
                                                            "total": 0.015017000000003833,
                                                            "count": 2,
                                                            "is_parallel": true,
                                                            "self": 0.015017000000003833
                                                        }
                                                    }
                                                },
                                                "UnityEnvironment.step": {
                                                    "total": 28.80656500000006,
                                                    "count": 1450,
                                                    "is_parallel": true,
                                                    "self": 0.5131814000003629,
                                                    "children": {
                                                        "UnityEnvironment._generate_step_input": {
                                                            "total": 0.982160700000005,
                                                            "count": 1450,
                                                            "is_parallel": true,
                                                            "self": 0.982160700000005
                                                        },
                                                        "communicator.exchange": {
                                                            "total": 25.95925149999996,
                                                            "count": 1450,
                                                            "is_parallel": true,
                                                            "self": 25.95925149999996
                                                        },
                                                        "steps_from_proto": {
                                                            "total": 1.35197139999973,
                                                            "count": 1450,
                                                            "is_parallel": true,
                                                            "self": 0.6808234999998461,
                                                            "children": {
                                                                "_process_vector_observation": {
                                                                    "total": 0.6711478999998839,
                                                                    "count": 2900,
                                                                    "is_parallel": true,