{"Policy/Extrinsic Value Estimate": 1.419325590133667, "Environment/Episode Length": -1.6085269451141357, "Is Training": 105.0, "Environment/Cumulative Reward": 1.0, "Policy/Extrinsic Reward": -7.2450761795043945, "Losses/Policy Loss": -7.2450761795043945, "Losses/Value Loss": 0.020056119188666344, "Policy/Learning Rate": 0.22768574953079224, "Policy/Epsilon": 6.87999772708281e-08, "Policy/Beta": 0.1000915989279747, "_runtime": 4, "_timestamp": 1614110964, "_step": 999780}