{
    "name": "root",
    "gauges": {
        "RocketLander.Policy.Entropy.mean": {
            "value": 1.1396600008010864,
            "min": 1.1396600008010864,
            "max": 1.4189363718032837,
            "count": 245
        },
        "RocketLander.Policy.ExtrinsicValueEstimate.mean": {
            "value": -1.0040132999420166,
            "min": -4.457424163818359,
            "max": -0.5213847160339355,
            "count": 245
        },
        "RocketLander.Environment.EpisodeLength.mean": {
            "value": 56611.0,
            "min": 144.42274052478135,
            "max": 658859.0,
            "count": 40
        },
        "RocketLander.Environment.CumulativeReward.mean": {
            "value": -469.5896629691124,
            "min": -9501.938183233142,
            "max": -9.831777106904418,
            "count": 40
        },
        "RocketLander.Policy.ExtrinsicReward.mean": {
            "value": -469.5896629691124,
            "min": -9501.938183233142,
            "max": -9.831777106904418,
            "count": 40
        },
        "RocketLander.Losses.PolicyLoss.mean": {
            "value": 0.018192139305271363,
            "min": 0.00981866992865603,
            "max": 0.018192139305271363,
            "count": 245
        },
        "RocketLander.Losses.ValueLoss.mean": {
            "value": 1.8303616328315306e-05,
            "min": 1.8303616328315306e-05,
            "max": 1.7881166603830125,
            "count": 245
        },
        "RocketLander.Policy.LearningRate.mean": {
            "value": 0.00021943674472530702,
            "min": 0.00021943674472530702,
            "max": 0.00024993607780334664,
            "count": 245
        },
        "RocketLander.Policy.Epsilon.mean": {
            "value": 0.18777469300000002,
            "min": 0.18777469300000002,
            "max": 0.19997443111111113,
            "count": 245
        },
        "RocketLander.Policy.Beta.mean": {
            "value": 0.0008789694606999999,
            "min": 0.0008789694606999999,
            "max": 0.0009997468680000001,
            "count": 245
        },
        "RocketLander.IsTraining.mean": {
            "value": 1.0,
            "min": 1.0,
            "max": 1.0,
            "count": 245
        }
    },
    "metadata": {
        "timer_format_version": "0.1.0",
        "start_time_seconds": "1613527435",
        "python_version": "3.8.7 (tags/v3.8.7:6503f05, Dec 21 2020, 17:59:51) [MSC v.1928 64 bit (AMD64)]",
        "command_line_arguments": "C:\\Users\\Daniel Rodrigues\\AppData\\Local\\Programs\\Python\\Python38\\Scripts\\mlagents-learn D:\\Documents\\GitHub\\ai-group-project-the-meme-team\\Python_Interface\\config\\2021.02.17_0203_RocketLander.yaml --env=Unity_Compiled_Files\\Rocket_Lander --run-id=2021.02.17_0203_RocketLander --seed=0 --train --base-port=4007 --height=500 --width=500",
        "mlagents_version": "0.23.0",
        "mlagents_envs_version": "0.23.0",
        "communication_protocol_version": "1.3.0",
        "pytorch_version": "1.7.1",
        "numpy_version": "1.18.5",
        "end_time_seconds": "1613552938"
    },
    "total": 25499.8671329,
    "count": 1,
    "self": 3.0166097000001173,
    "children": {
        "run_training.setup": {
            "total": 0.026319299999999934,
            "count": 1,
            "self": 0.026319299999999934
        },
        "TrainerController.start_learning": {
            "total": 25496.8242039,
            "count": 1,
            "self": 84.67494110110056,
            "children": {
                "TrainerController._reset_env": {
                    "total": 5.6991868,
                    "count": 1,
                    "self": 5.6991868
                },
                "TrainerController.advance": {
                    "total": 25406.299435298897,
                    "count": 3069351,
                    "self": 38.51803840003413,
                    "children": {
                        "env_step": {
                            "total": 25367.781396898863,
                            "count": 3069351,
                            "self": 18853.05106279534,
                            "children": {
                                "SubprocessEnvManager._take_step": {
                                    "total": 6470.400325600995,
                                    "count": 3069351,
                                    "self": 200.7990944046178,
                                    "children": {
                                        "TorchPolicy.evaluate": {
                                            "total": 6269.601231196377,
                                            "count": 3069351,
                                            "self": 2232.1471405967754,
                                            "children": {
                                                "TorchPolicy.sample_actions": {
                                                    "total": 4037.4540905996014,
                                                    "count": 3069351,
                                                    "self": 4037.4540905996014
                                                }
                                            }
                                        }
                                    }
                                },
                                "workers": {
                                    "total": 44.33000850252763,
                                    "count": 3069350,
                                    "self": 0.0,
                                    "children": {
                                        "worker_root": {
                                            "total": 25400.093062997854,
                                            "count": 3069350,
                                            "is_parallel": true,
                                            "self": 10809.393152596664,
                                            "children": {
                                                "steps_from_proto": {
                                                    "total": 0.00029620000000019076,
                                                    "count": 1,
                                                    "is_parallel": true,
                                                    "self": 8.949999999963154e-05,
                                                    "children": {
                                                        "_process_vector_observation": {
                                                            "total": 0.00020670000000055921,
                                                            "count": 2,
                                                            "is_parallel": true,
                                                            "self": 0.00020670000000055921
                                                        }
                                                    }
                                                },
                                                "UnityEnvironment.step": {
                                                    "total": 14590.69961420119,
                                                    "count": 3069350,
                                                    "is_parallel": true,
                                                    "self": 239.2073220054972,
                                                    "children": {
                                                        "UnityEnvironment._generate_step_input": {
                                                            "total": 1025.0585099964399,
                                                            "count": 3069350,
                                                            "is_parallel": true,
                                                            "self": 1025.0585099964399
                                                        },