{
    "name": "root",
    "gauges": {
        "RocketLander.Policy.Entropy.mean": {
            "value": 1.419424295425415,
            "min": 1.4178918600082397,
            "max": 1.4194780588150024,
            "count": 10
        },
        "RocketLander.Environment.LessonNumber.target_size.mean": {
            "value": 3.0,
            "min": 0.0,
            "max": 3.0,
            "count": 10
        },
        "RocketLander.Policy.ExtrinsicValueEstimate.mean": {
            "value": -1.6629966497421265,
            "min": -1.6891056299209595,
            "max": -0.3531903624534607,
            "count": 10
        },
        "RocketLander.Environment.EpisodeLength.mean": {
            "value": 166.93333333333334,
            "min": 149.20338983050848,
            "max": 180.3684210526316,
            "count": 10
        },
        "RocketLander.Environment.CumulativeReward.mean": {
            "value": -11.483797736962636,
            "min": -12.224280382024832,
            "max": -9.596140740281445,
            "count": 10
        },
        "RocketLander.Policy.ExtrinsicReward.mean": {
            "value": -11.483797736962636,
            "min": -12.224280382024832,
            "max": -9.596140740281445,
            "count": 10
        },
        "RocketLander.Losses.PolicyLoss.mean": {
            "value": 0.01465040216377626,
            "min": 0.008100613199834092,
            "max": 0.017305302889629576,
            "count": 10
        },
        "RocketLander.Losses.ValueLoss.mean": {
            "value": 0.37466515600681305,
            "min": 0.24750960990786552,
            "max": 1.6659153699874878,
            "count": 10
        },
        "RocketLander.Policy.LearningRate.mean": {
            "value": 1.9304095739029054e-05,
            "min": 1.9304095739029054e-05,
            "max": 0.0003588458005311281,
            "count": 10
        },
        "RocketLander.Policy.Epsilon.mean": {
            "value": 0.10901198159891941,
            "min": 0.10901198159891941,
            "max": 0.2675254643524143,
            "count": 10
        },
        "RocketLander.Policy.Beta.mean": {
            "value": 0.00045055641486027744,
            "min": 0.00045055641486027744,
            "max": 0.008199588179113955,
            "count": 10
        },
        "RocketLander.IsTraining.mean": {
            "value": 1.0,
            "min": 1.0,
            "max": 1.0,
            "count": 10
        }
    },
    "metadata": {
        "timer_format_version": "0.1.0",
        "start_time_seconds": "1615297194",
        "python_version": "3.8.7 (tags/v3.8.7:6503f05, Dec 21 2020, 17:59:51) [MSC v.1928 64 bit (AMD64)]",
        "command_line_arguments": "C:\\Users\\Daniel Rodrigues\\AppData\\Local\\Programs\\Python\\Python38\\Scripts\\mlagents-learn D:\\Documents\\GitHub\\ai-group-project-the-meme-team\\Python_Interface\\config\\2021.03.09_1339_RocketLander.yaml --env=Unity_Compiled_Files\\Rocket_Lander --run-id=2021.03.09_1339_RocketLander --seed=0 --train --base-port=47752 --height=500 --width=500",
        "mlagents_version": "0.23.0",
        "mlagents_envs_version": "0.23.0",
        "communication_protocol_version": "1.3.0",
        "pytorch_version": "1.7.1",
        "numpy_version": "1.18.5",
        "end_time_seconds": "1615297324"
    },
    "total": 130.07476390000002,
    "count": 1,
    "self": 2.2972817000000134,
    "children": {
        "run_training.setup": {
            "total": 0.017076199999999986,
            "count": 1,
            "self": 0.017076199999999986
        },
        "TrainerController.start_learning": {
            "total": 127.760406,
            "count": 1,
            "self": 0.27785280000030355,
            "children": {
                "TrainerController._reset_env": {
                    "total": 6.099111599999999,
                    "count": 1,
                    "self": 6.099111599999999
                },
                "TrainerController.advance": {
                    "total": 121.2919636999997,
                    "count": 6281,
                    "self": 0.16954999999933307,
                    "children": {
                        "env_step": {
                            "total": 121.12241370000037,
                            "count": 6281,
                            "self": 103.30421930000017,
                            "children": {
                                "SubprocessEnvManager._take_step": {
                                    "total": 17.71980520000006,
                                    "count": 6281,
                                    "self": 0.5689153000000999,
                                    "children": {
                                        "TorchPolicy.evaluate": {
                                            "total": 17.15088989999996,
                                            "count": 6281,
                                            "self": 6.512076799999996,
                                            "children": {
                                                "TorchPolicy.sample_actions": {
                                                    "total": 10.638813099999965,
                                                    "count": 6281,
                                                    "self": 10.638813099999965
                                                }
                                            }
                                        }
                                    }
                                },
                                "workers": {
                                    "total": 0.09838920000012763,
                                    "count": 6281,
                                    "self": 0.0,
                                    "children": {
                                        "worker_root": {
                                            "total": 122.8752002999997,
                                            "count": 6281,
                                            "is_parallel": true,
                                            "self": 41.892199999999576,
                                            "children": {
                                                "steps_from_proto": {
                                                    "total": 0.00044670000000035515,
                                                    "count": 1,
                                                    "is_parallel": true,
                                                    "self": 0.00010580000000093293,
                                                    "children": {
                                                        "_process_vector_observation": {
                                                            "total": 0.0003408999999994222,
                                                            "count": 2,
                                                            "is_parallel": true,
                                                            "self": 0.0003408999999994222
                                                        }
                                                    }
                                                },
                                                "UnityEnvironment.step": {
                                                    "total": 80.98255360000013,
                                                    "count": 6281,
                                                    "is_parallel": true,
                                                    "self": 0.6934191000000567,
                                                    "children": {
                                                        "UnityEnvironment._generate_step_input": {
                                                            "total": 6.043526800000482,
                                                            "count": 6281,
                                                            "is_parallel": true,