{
    "name": "root",
    "gauges": {
        "RocketLander.Policy.Entropy.mean": {
            "value": 0.5504140257835388,
            "min": 0.5498071908950806,
            "max": 1.4196522235870361,
            "count": 10000
        },
        "RocketLander.Environment.LessonNumber.target_size.mean": {
            "value": 3.0,
            "min": 0.0,
            "max": 3.0,
            "count": 10000
        },
        "RocketLander.Policy.ExtrinsicValueEstimate.mean": {
            "value": 2.222818613052368,
            "min": -4.112509727478027,
            "max": 2.4471492767333984,
            "count": 10000
        },
        "RocketLander.Environment.EpisodeLength.mean": {
            "value": 136.46666666666667,
            "min": 118.80952380952381,
            "max": 175.88333333333333,
            "count": 10000
        },
        "RocketLander.Environment.CumulativeReward.mean": {
            "value": 0.8210587565963333,
            "min": -11.078110176419456,
            "max": 1.4905738571756764,
            "count": 10000
        },
        "RocketLander.Policy.ExtrinsicReward.mean": {
            "value": 0.8210587565963333,
            "min": -11.078110176419456,
            "max": 1.4905738571756764,
            "count": 10000
        },
        "RocketLander.Losses.PolicyLoss.mean": {
            "value": 0.010912125212295601,
            "min": 0.0031306482754492513,
            "max": 0.02995590524127086,
            "count": 10000
        },
        "RocketLander.Losses.ValueLoss.mean": {
            "value": 0.13968045637011528,
            "min": 0.04518648236989975,
            "max": 4.0292642911275225,
            "count": 10000
        },
        "RocketLander.Policy.LearningRate.mean": {
            "value": 8.016246833489634e-09,
            "min": 8.016246833489634e-09,
            "max": 0.00024998712250515106,
            "count": 10000
        },
        "RocketLander.Policy.Epsilon.mean": {
            "value": 0.10000949949999999,
            "min": 0.10000949949999999,
            "max": 0.3999845470000001,
            "count": 10000
        },
        "RocketLander.Policy.Beta.mean": {
            "value": 1.003134834999996e-05,
            "min": 1.003134834999996e-05,
            "max": 0.0009999490051,
            "count": 10000
        },
        "RocketLander.IsTraining.mean": {
            "value": 1.0,
            "min": 1.0,
            "max": 1.0,
            "count": 10000
        }
    },
    "metadata": {
        "timer_format_version": "0.1.0",
        "start_time_seconds": "1614419211",
        "python_version": "3.7.4 (tags/v3.7.4:e09359112e, Jul  8 2019, 20:34:20) [MSC v.1916 64 bit (AMD64)]",
        "command_line_arguments": "C:\\Users\\Daniel.Rodrigues\\AppData\\Local\\Programs\\Python\\Python37\\Scripts\\mlagents-learn C:\\Users\\Daniel.Rodrigues\\Desktop\\Python_Interface - Copy\\config\\2021.02.27_0946_RocketLander.yaml --env=Unity_Compiled_Files\\Rocket_Lander --run-id=2021.02.27_0946_RocketLander --seed=0 --train --base-port=49897 --height=500 --width=500",
        "mlagents_version": "0.23.0",
        "mlagents_envs_version": "0.23.0",
        "communication_protocol_version": "1.3.0",
        "pytorch_version": "1.7.1+cpu",
        "numpy_version": "1.18.2",
        "end_time_seconds": "1614453368"
    },
    "total": 34156.952138099994,
    "count": 1,
    "self": 2.2470075999954133,
    "children": {
        "run_training.setup": {
            "total": 0.01976209999999945,
            "count": 1,
            "self": 0.01976209999999945
        },
        "TrainerController.start_learning": {
            "total": 34154.6853684,
            "count": 1,
            "self": 159.66706499807333,
            "children": {
                "TrainerController._reset_env": {
                    "total": 3.9439644000000005,
                    "count": 1,
                    "self": 3.9439644000000005
                },
                "TrainerController.advance": {
                    "total": 33991.01825550193,
                    "count": 6250062,
                    "self": 100.64966890329379,
                    "children": {
                        "env_step": {
                            "total": 33890.36858659863,
                            "count": 6250062,
                            "self": 25362.18565629225,
                            "children": {
                                "SubprocessEnvManager._take_step": {
                                    "total": 8466.65895370395,
                                    "count": 6250062,
                                    "self": 336.51263610379374,
                                    "children": {
                                        "TorchPolicy.evaluate": {
                                            "total": 8130.146317600157,
                                            "count": 6250062,
                                            "self": 1262.027227592801,
                                            "children": {
                                                "TorchPolicy.sample_actions": {
                                                    "total": 6868.119090007356,
                                                    "count": 6250062,
                                                    "self": 6868.119090007356
                                                }
                                            }
                                        }
                                    }
                                },
                                "workers": {
                                    "total": 61.52397660243173,
                                    "count": 6250062,
                                    "self": 0.0,
                                    "children": {
                                        "worker_root": {
                                            "total": 34039.872843101104,
                                            "count": 6250062,
                                            "is_parallel": true,
                                            "self": 20985.420786196762,
                                            "children": {
                                                "steps_from_proto": {
                                                    "total": 0.0011999000000000315,
                                                    "count": 1,
                                                    "is_parallel": true,
                                                    "self": 0.00011600000000022703,
                                                    "children": {
                                                        "_process_vector_observation": {
                                                            "total": 0.0010838999999998045,
                                                            "count": 2,
                                                            "is_parallel": true,
                                                            "self": 0.0010838999999998045
                                                        }
                                                    }
                                                },
                                                "UnityEnvironment.step": {
                                                    "total": 13054.450857004342,
                                                    "count": 6250062,
                                                    "is_parallel": true,
                                                    "self": 594.4748069025936,
                                                    "children": {
                                                        "UnityEnvironment._generate_step_input": {
                                                            "total": 1285.3555313012898,
                                                            "count": 6250062,