{"Policy/Learning Rate": 6.87999772708281e-08, "Policy/Beta": 1.0226710401184391e-05, "_runtime": 9, "_timestamp": 1613589838, "_step": 999780}