{
    "name": "root",
    "gauges": {
        "RocketLander.Policy.Entropy.mean": {
            "value": 1.4187766313552856,
            "min": 1.4187766313552856,
            "max": 1.4187766313552856,
            "count": 1
        },
        "RocketLander.Environment.LessonNumber.target_size.mean": {
            "value": 0.0,
            "min": 0.0,
            "max": 0.0,
            "count": 1
        },
        "RocketLander.Policy.ExtrinsicValueEstimate.mean": {
            "value": -0.22111296653747559,
            "min": -0.22111296653747559,
            "max": -0.22111296653747559,
            "count": 1
        },
        "RocketLander.Environment.EpisodeLength.mean": {
            "value": 148.38095238095238,
            "min": 148.38095238095238,
            "max": 148.38095238095238,
            "count": 1
        },
        "RocketLander.Environment.CumulativeReward.mean": {
            "value": -9.444606472575476,
            "min": -9.444606472575476,
            "max": -9.444606472575476,
            "count": 1
        },
        "RocketLander.Policy.ExtrinsicReward.mean": {
            "value": -9.444606472575476,
            "min": -9.444606472575476,
            "max": -9.444606472575476,
            "count": 1
        },
        "RocketLander.Losses.PolicyLoss.mean": {
            "value": 0.0067883436956132455,
            "min": 0.0067883436956132455,
            "max": 0.0067883436956132455,
            "count": 1
        },
        "RocketLander.Losses.ValueLoss.mean": {
            "value": 0.9966073334217072,
            "min": 0.9966073334217072,
            "max": 0.9966073334217072,
            "count": 1
        },
        "RocketLander.Policy.LearningRate.mean": {
            "value": 0.00035039622959728535,
            "min": 0.00035039622959728535,
            "max": 0.00035039622959728535,
            "count": 1
        },
        "RocketLander.Policy.Epsilon.mean": {
            "value": 0.23366730391364263,
            "min": 0.23366730391364263,
            "max": 0.23366730391364263,
            "count": 1
        },
        "RocketLander.Policy.Beta.mean": {
            "value": 0.0023572394775052317,
            "min": 0.0023572394775052317,
            "max": 0.0023572394775052317,
            "count": 1
        },
        "RocketLander.IsTraining.mean": {
            "value": 1.0,
            "min": 1.0,
            "max": 1.0,
            "count": 1
        }
    },
    "metadata": {
        "timer_format_version": "0.1.0",
        "start_time_seconds": "1615295775",
        "python_version": "3.8.7 (tags/v3.8.7:6503f05, Dec 21 2020, 17:59:51) [MSC v.1928 64 bit (AMD64)]",
        "command_line_arguments": "C:\\Users\\Daniel Rodrigues\\AppData\\Local\\Programs\\Python\\Python38\\Scripts\\mlagents-learn D:\\Documents\\GitHub\\ai-group-project-the-meme-team\\Python_Interface\\config\\2021.03.09_1316_RocketLander.yaml --env=Unity_Compiled_Files\\Rocket_Lander --run-id=2021.03.09_1316_RocketLander --seed=0 --train --base-port=42597 --height=500 --width=500",
        "mlagents_version": "0.23.0",
        "mlagents_envs_version": "0.23.0",
        "communication_protocol_version": "1.3.0",
        "pytorch_version": "1.7.1",
        "numpy_version": "1.18.5",
        "end_time_seconds": "1615295797"
    },
    "total": 21.7494748,
    "count": 1,
    "self": 2.3055638000000016,
    "children": {
        "run_training.setup": {
            "total": 0.017537499999999984,
            "count": 1,
            "self": 0.017537499999999984
        },
        "TrainerController.start_learning": {
            "total": 19.4263735,
            "count": 1,
            "self": 0.04239430000001576,
            "children": {
                "TrainerController._reset_env": {
                    "total": 6.199657,
                    "count": 1,
                    "self": 6.199657
                },
                "TrainerController.advance": {
                    "total": 13.063584499999983,
                    "count": 665,
                    "self": 0.019093799999964745,
                    "children": {
                        "env_step": {
                            "total": 13.044490700000019,
                            "count": 665,
                            "self": 10.840849799999987,
                            "children": {
                                "SubprocessEnvManager._take_step": {
                                    "total": 2.193448399999971,
                                    "count": 665,
                                    "self": 0.13956460000001236,
                                    "children": {
                                        "TorchPolicy.evaluate": {
                                            "total": 2.0538837999999586,
                                            "count": 665,
                                            "self": 0.6683304999999642,
                                            "children": {
                                                "TorchPolicy.sample_actions": {
                                                    "total": 1.3855532999999944,
                                                    "count": 665,
                                                    "self": 1.3855532999999944
                                                }
                                            }
                                        }
                                    }
                                },
                                "workers": {
                                    "total": 0.010192500000060889,
                                    "count": 665,
                                    "self": 0.0,
                                    "children": {
                                        "worker_root": {
                                            "total": 14.339545699999992,
                                            "count": 665,
                                            "is_parallel": true,
                                            "self": 5.280928499999986,
                                            "children": {
                                                "steps_from_proto": {
                                                    "total": 0.0005047999999998609,
                                                    "count": 1,
                                                    "is_parallel": true,
                                                    "self": 0.00010400000000032605,
                                                    "children": {
                                                        "_process_vector_observation": {
                                                            "total": 0.00040079999999953486,
                                                            "count": 2,
                                                            "is_parallel": true,
                                                            "self": 0.00040079999999953486
                                                        }
                                                    }
                                                },
                                                "UnityEnvironment.step": {
                                                    "total": 9.058112400000006,
                                                    "count": 665,
                                                    "is_parallel": true,
                                                    "self": 0.0753702000000338,
                                                    "children": {
                                                        "UnityEnvironment._generate_step_input": {
                                                            "total": 0.6747312999999826,
                                                            "count": 665,
                                                            "is_parallel": true,