{
    "name": "root",
    "gauges": {
        "RocketLander.Policy.Entropy.mean": {
            "value": 0.6323479413986206,
            "min": 0.6322945952415466,
            "max": 1.4229998588562012,
            "count": 3000
        },
        "RocketLander.Environment.LessonNumber.target_size.mean": {
            "value": 3.0,
            "min": 0.0,
            "max": 3.0,
            "count": 3000
        },
        "RocketLander.Policy.ExtrinsicValueEstimate.mean": {
            "value": -2.9641478061676025,
            "min": -3.3482677936553955,
            "max": -0.15531201660633087,
            "count": 3000
        },
        "RocketLander.Environment.EpisodeLength.mean": {
            "value": 137.8732394366197,
            "min": 118.44047619047619,
            "max": 169.28333333333333,
            "count": 3000
        },
        "RocketLander.Environment.CumulativeReward.mean": {
            "value": -8.765227974300654,
            "min": -10.429778989156087,
            "max": -5.444567680358887,
            "count": 3000
        },
        "RocketLander.Policy.ExtrinsicReward.mean": {
            "value": -8.765227974300654,
            "min": -10.429778989156087,
            "max": -5.444567680358887,
            "count": 3000
        },
        "RocketLander.Losses.PolicyLoss.mean": {
            "value": 0.01867818181108305,
            "min": 0.004787089511713323,
            "max": 0.03417458346424004,
            "count": 3000
        },
        "RocketLander.Losses.ValueLoss.mean": {
            "value": 0.040065211088707045,
            "min": 0.02281133954723676,
            "max": 1.1397345960140228,
            "count": 3000
        },
        "RocketLander.Policy.LearningRate.mean": {
            "value": 1.7284413357192076e-07,
            "min": 1.7284413357192076e-07,
            "max": 0.0009805899875911968,
            "count": 3000
        },
        "RocketLander.Policy.Epsilon.mean": {
            "value": 0.10003637863168677,
            "min": 0.10003637863168677,
            "max": 0.3065049482076969,
            "count": 3000
        },
        "RocketLander.Policy.Beta.mean": {
            "value": 1.1648941904943917e-05,
            "min": 1.1648941904943917e-05,
            "max": 0.009370293306517239,
            "count": 3000
        },
        "RocketLander.IsTraining.mean": {
            "value": 1.0,
            "min": 1.0,
            "max": 1.0,
            "count": 3000
        }
    },
    "metadata": {
        "timer_format_version": "0.1.0",
        "start_time_seconds": "1615496775",
        "python_version": "3.8.3 (default, Jul  2 2020, 17:30:36) [MSC v.1916 64 bit (AMD64)]",
        "command_line_arguments": "C:\\Users\\HP\\anaconda3\\Scripts\\mlagents-learn C:\\Users\\HP\\Documents\\GitHub\\ai-group-project-the-meme-team\\Python_Interface\\config\\2021.03.11_2106_RocketLander.yaml --env=Unity_Compiled_Files\\Rocket_Lander --run-id=2021.03.11_2106_RocketLander --seed=0 --train --base-port=59139 --height=500 --width=500",
        "mlagents_version": "0.23.0",
        "mlagents_envs_version": "0.23.0",
        "communication_protocol_version": "1.3.0",
        "pytorch_version": "1.7.1",
        "numpy_version": "1.19.5",
        "end_time_seconds": "1615570539"
    },
    "total": 73764.5453964,
    "count": 1,
    "self": 2.7343078999983845,
    "children": {
        "run_training.setup": {
            "total": 0.033922099999999844,
            "count": 1,
            "self": 0.033922099999999844
        },
        "TrainerController.start_learning": {
            "total": 73761.7771664,
            "count": 1,
            "self": 144.603413200035,
            "children": {
                "TrainerController._reset_env": {
                    "total": 7.8887023,
                    "count": 1,
                    "self": 7.8887023
                },
                "TrainerController.advance": {
                    "total": 73609.08044189998,
                    "count": 1875039,
                    "self": 92.95074100491183,
                    "children": {
                        "env_step": {
                            "total": 73516.12970089506,
                            "count": 1875039,
                            "self": 65867.38337640275,
                            "children": {
                                "SubprocessEnvManager._take_step": {
                                    "total": 7588.548163097707,
                                    "count": 1875039,
                                    "self": 281.18875399922035,
                                    "children": {
                                        "TorchPolicy.evaluate": {
                                            "total": 7307.359409098487,
                                            "count": 1875039,
                                            "self": 1163.1659519974883,
                                            "children": {
                                                "TorchPolicy.sample_actions": {
                                                    "total": 6144.193457100999,
                                                    "count": 1875039,
                                                    "self": 6144.193457100999
                                                }
                                            }
                                        }
                                    }
                                },
                                "workers": {
                                    "total": 60.19816139460334,
                                    "count": 1875039,
                                    "self": 0.0,
                                    "children": {
                                        "worker_root": {
                                            "total": 73640.32887760214,
                                            "count": 1875039,
                                            "is_parallel": true,
                                            "self": 16227.58332130556,
                                            "children": {
                                                "steps_from_proto": {
                                                    "total": 0.000689099999999776,
                                                    "count": 1,
                                                    "is_parallel": true,
                                                    "self": 0.00019200000000019202,
                                                    "children": {
                                                        "_process_vector_observation": {
                                                            "total": 0.000497099999999584,
                                                            "count": 2,
                                                            "is_parallel": true,
                                                            "self": 0.000497099999999584
                                                        }
                                                    }
                                                },
                                                "UnityEnvironment.step": {
                                                    "total": 57412.744867196576,
                                                    "count": 1875039,
                                                    "is_parallel": true,
                                                    "self": 383.07915679481084,
                                                    "children": {
                                                        "UnityEnvironment._generate_step_input": {
                                                            "total": 4438.184596504296,
                                                            "count": 1875039,
                                                            "is_parallel": true,