{
    "name": "root",
    "gauges": {
        "RocketLander.Policy.Entropy.mean": {
            "value": 0.6285527944564819,
            "min": 0.6284062266349792,
            "max": 1.4222689867019653,
            "count": 10000
        },
        "RocketLander.Environment.LessonNumber.target_size.mean": {
            "value": 3.0,
            "min": 0.0,
            "max": 3.0,
            "count": 10000
        },
        "RocketLander.Policy.ExtrinsicValueEstimate.mean": {
            "value": -0.47644099593162537,
            "min": -4.265106201171875,
            "max": 1.9537060260772705,
            "count": 10000
        },
        "RocketLander.Environment.EpisodeLength.mean": {
            "value": 157.22222222222223,
            "min": 123.36585365853658,
            "max": 175.7017543859649,
            "count": 10000
        },
        "RocketLander.Environment.CumulativeReward.mean": {
            "value": -3.482500487849826,
            "min": -11.799134762122714,
            "max": 0.8018904933562645,
            "count": 10000
        },
        "RocketLander.Policy.ExtrinsicReward.mean": {
            "value": -3.482500487849826,
            "min": -11.799134762122714,
            "max": 0.8018904933562645,
            "count": 10000
        },
        "RocketLander.Losses.PolicyLoss.mean": {
            "value": 0.011287092573184054,
            "min": 0.0030084471800364554,
            "max": 0.0350213497877121,
            "count": 10000
        },
        "RocketLander.Losses.ValueLoss.mean": {
            "value": 0.9476556380589802,
            "min": 0.08711411679784457,
            "max": 3.7112186749776206,
            "count": 10000
        },
        "RocketLander.Policy.LearningRate.mean": {
            "value": 7.819996912002724e-09,
            "min": 7.819996912002724e-09,
            "max": 0.00024998723250510693,
            "count": 10000
        },
        "RocketLander.Policy.Epsilon.mean": {
            "value": 0.10000926400000001,
            "min": 0.10000926400000001,
            "max": 0.39998467900000007,
            "count": 10000
        },
        "RocketLander.Policy.Beta.mean": {
            "value": 1.0030571200000013e-05,
            "min": 1.0030571200000013e-05,
            "max": 0.0009999494407,
            "count": 10000
        },
        "RocketLander.IsTraining.mean": {
            "value": 1.0,
            "min": 1.0,
            "max": 1.0,
            "count": 10000
        }
    },
    "metadata": {
        "timer_format_version": "0.1.0",
        "start_time_seconds": "1613987735",
        "python_version": "3.7.4 (tags/v3.7.4:e09359112e, Jul  8 2019, 20:34:20) [MSC v.1916 64 bit (AMD64)]",
        "command_line_arguments": "C:\\Users\\Daniel.Rodrigues\\AppData\\Local\\Programs\\Python\\Python37\\Scripts\\mlagents-learn C:\\Users\\Daniel.Rodrigues\\Desktop\\ai-group-project-the-meme-team\\Python_Interface\\config\\2021.02.22_0955_RocketLander.yaml --env=Unity_Compiled_Files\\Rocket_Lander --run-id=2021.02.22_0955_RocketLander --seed=0 --train --base-port=56513 --height=500 --width=500",
        "mlagents_version": "0.23.0",
        "mlagents_envs_version": "0.23.0",
        "communication_protocol_version": "1.3.0",
        "pytorch_version": "1.7.1+cpu",
        "numpy_version": "1.18.2",
        "end_time_seconds": "1614062876"
    },
    "total": 75140.8095919,
    "count": 1,
    "self": 2.241339900007006,
    "children": {
        "run_training.setup": {
            "total": 0.01949000000000023,
            "count": 1,
            "self": 0.01949000000000023
        },
        "TrainerController.start_learning": {
            "total": 75138.54876199999,
            "count": 1,
            "self": 568.9375523826457,
            "children": {
                "TrainerController._reset_env": {
                    "total": 4.287994199999999,
                    "count": 1,
                    "self": 4.287994199999999
                },
                "TrainerController.advance": {
                    "total": 74565.28170121735,
                    "count": 25000043,
                    "self": 355.5286575175269,
                    "children": {
                        "env_step": {
                            "total": 74209.75304369982,
                            "count": 25000043,
                            "self": 53420.17430992196,
                            "children": {
                                "SubprocessEnvManager._take_step": {
                                    "total": 20569.247141091433,
                                    "count": 25000043,
                                    "self": 1038.8770739157626,
                                    "children": {
                                        "TorchPolicy.evaluate": {
                                            "total": 19530.37006717567,
                                            "count": 25000043,
                                            "self": 3339.5367049815904,
                                            "children": {
                                                "TorchPolicy.sample_actions": {
                                                    "total": 16190.83336219408,
                                                    "count": 25000043,
                                                    "self": 16190.83336219408
                                                }
                                            }
                                        }
                                    }
                                },
                                "workers": {
                                    "total": 220.3315926864268,
                                    "count": 25000043,
                                    "self": 0.0,
                                    "children": {
                                        "worker_root": {
                                            "total": 74720.42575609009,
                                            "count": 25000043,
                                            "is_parallel": true,
                                            "self": 42568.210616100216,
                                            "children": {
                                                "steps_from_proto": {
                                                    "total": 0.004370500000000277,
                                                    "count": 1,
                                                    "is_parallel": true,
                                                    "self": 0.0002476000000006806,
                                                    "children": {
                                                        "_process_vector_observation": {
                                                            "total": 0.004122899999999596,
                                                            "count": 2,
                                                            "is_parallel": true,
                                                            "self": 0.004122899999999596
                                                        }
                                                    }
                                                },
                                                "UnityEnvironment.step": {
                                                    "total": 32152.210769489877,
                                                    "count": 25000043,
                                                    "is_parallel": true,
                                                    "self": 1443.3216382506616,
                                                    "children": {
                                                        "UnityEnvironment._generate_step_input": {
                                                            "total": 1858.3064222077626,
                                                            "count": 25000043,