{
    "name": "root",
    "gauges": {
        "RocketLander.Policy.Entropy.mean": {
            "value": 1.4206407070159912,
            "min": 1.4189382791519165,
            "max": 1.4230892658233643,
            "count": 23648
        },
        "RocketLander.Environment.LessonNumber.target_size.mean": {
            "value": 0.0,
            "min": 0.0,
            "max": 0.0,
            "count": 23648
        },
        "RocketLander.Policy.ExtrinsicValueEstimate.mean": {
            "value": -1.7871363162994385,
            "min": -13.750076293945312,
            "max": 6.577218532562256,
            "count": 24016
        },
        "RocketLander.IsTraining.mean": {
            "value": 1.0,
            "min": 1.0,
            "max": 1.0,
            "count": 24016
        },
        "RocketLander.Environment.EpisodeLength.mean": {
            "value": 84.0,
            "min": 59.0,
            "max": 225.0,
            "count": 11983
        },
        "RocketLander.Environment.CumulativeReward.mean": {
            "value": -6.543668866157532,
            "min": -10.278773069381714,
            "max": 4.450031757354736,
            "count": 12593
        },
        "RocketLander.Policy.ExtrinsicReward.mean": {
            "value": -6.543668866157532,
            "min": -10.278773069381714,
            "max": 4.450031757354736,
            "count": 12593
        },
        "RocketLander.Losses.PolicyLoss.mean": {
            "value": 0.0159532156928132,
            "min": 0.0033289787049094834,
            "max": 0.026814811242123444,
            "count": 195
        },
        "RocketLander.Losses.ValueLoss.mean": {
            "value": 1.0672685702641804,
            "min": 0.9310672581195831,
            "max": 3.1364009380340576,
            "count": 195
        },
        "RocketLander.Policy.LearningRate.mean": {
            "value": 3.6099988000002695e-08,
            "min": 3.6099988000002695e-08,
            "max": 0.0002984574005142,
            "count": 195
        },
        "RocketLander.Policy.Epsilon.mean": {
            "value": 0.100012,
            "min": 0.100012,
            "max": 0.19948580000000002,
            "count": 195
        },
        "RocketLander.Policy.Beta.mean": {
            "value": 1.0118800000000009e-05,
            "min": 1.0118800000000009e-05,
            "max": 0.0009949094200000003,
            "count": 195
        }
    },
    "metadata": {
        "timer_format_version": "0.1.0",
        "start_time_seconds": "1612461801",
        "python_version": "3.8.7 (tags/v3.8.7:6503f05, Dec 21 2020, 17:59:51) [MSC v.1928 64 bit (AMD64)]",
        "command_line_arguments": "C:\\Users\\Daniel Rodrigues\\AppData\\Local\\Programs\\Python\\Python38\\Scripts\\mlagents-learn config/rocketlander_config_v3_DAR_Curriculum.yaml --run-id=2021.02.04_1803_RocketLander_DAR",
        "mlagents_version": "0.23.0",
        "mlagents_envs_version": "0.23.0",
        "communication_protocol_version": "1.3.0",
        "pytorch_version": "1.7.1",
        "numpy_version": "1.18.5",
        "end_time_seconds": "1612464127"
    },
    "total": 2326.1404915,
    "count": 1,
    "self": 0.058262699999886536,
    "children": {
        "run_training.setup": {
            "total": 0.03600839999999961,
            "count": 1,
            "self": 0.03600839999999961
        },
        "TrainerController.start_learning": {
            "total": 2326.0462204,
            "count": 1,
            "self": 7.520619499938675,
            "children": {
                "TrainerController._reset_env": {
                    "total": 17.5460179,
                    "count": 1,
                    "self": 17.5460179
                },
                "TrainerController.advance": {
                    "total": 2300.9098152000615,
                    "count": 250034,
                    "self": 5.353299100112963,
                    "children": {
                        "env_step": {
                            "total": 2295.5565160999486,
                            "count": 250034,
                            "self": 1678.0984960999456,
                            "children": {
                                "SubprocessEnvManager._take_step": {
                                    "total": 613.9666623000393,
                                    "count": 250034,
                                    "self": 16.501333700099735,
                                    "children": {
                                        "TorchPolicy.evaluate": {
                                            "total": 597.4653285999395,
                                            "count": 250034,
                                            "self": 198.9037849999006,
                                            "children": {
                                                "TorchPolicy.sample_actions": {
                                                    "total": 398.56154360003893,
                                                    "count": 250034,
                                                    "self": 398.56154360003893
                                                }
                                            }
                                        }
                                    }
                                },
                                "workers": {
                                    "total": 3.491357699963743,
                                    "count": 250034,
                                    "self": 0.0,
                                    "children": {
                                        "worker_root": {
                                            "total": 2302.7216194000357,
                                            "count": 250034,
                                            "is_parallel": true,
                                            "self": 935.7663220000713,
                                            "children": {
                                                "steps_from_proto": {
                                                    "total": 0.0003109999999999502,
                                                    "count": 1,
                                                    "is_parallel": true,
                                                    "self": 8.919999999967843e-05,
                                                    "children": {
                                                        "_process_vector_observation": {
                                                            "total": 0.00022180000000027178,
                                                            "count": 2,
                                                            "is_parallel": true,
                                                            "self": 0.00022180000000027178
                                                        }
                                                    }
                                                },
                                                "UnityEnvironment.step": {
                                                    "total": 1366.9549863999644,
                                                    "count": 250034,
                                                    "is_parallel": true,
                                                    "self": 18.577388099898144,
                                                    "children": {
                                                        "UnityEnvironment._generate_step_input": {
                                                            "total": 84.63890609998536,
                                                            "count": 250034,
                                                            "is_parallel": true,
                                                            "self": 84.63890609998536
                                                        },