{
    "name": "root",
    "gauges": {
        "RocketLander.Policy.Entropy.mean": {
            "value": 1.4288188219070435,
            "min": 1.4186992645263672,
            "max": 1.4290461540222168,
            "count": 9169
        },
        "RocketLander.Environment.EpisodeLength.mean": {
            "value": 54.0,
            "min": 45.0,
            "max": 139.0,
            "count": 7110
        },
        "RocketLander.Policy.ExtrinsicValueEstimate.mean": {
            "value": -18.58651351928711,
            "min": -85.5228500366211,
            "max": 8.766032218933105,
            "count": 9237
        },
        "RocketLander.Environment.CumulativeReward.mean": {
            "value": -128.2234706878662,
            "min": -344.0570068359375,
            "max": -41.712223052978516,
            "count": 7824
        },
        "RocketLander.Policy.ExtrinsicReward.mean": {
            "value": -128.2234706878662,
            "min": -344.0570068359375,
            "max": -41.712223052978516,
            "count": 7824
        },
        "RocketLander.IsTraining.mean": {
            "value": 1.0,
            "min": 1.0,
            "max": 1.0,
            "count": 9237
        },
        "RocketLander.Losses.PolicyLoss.mean": {
            "value": 0.029312740477810923,
            "min": 0.009347900515422225,
            "max": 0.057862497361687325,
            "count": 240
        },
        "RocketLander.Losses.ValueLoss.mean": {
            "value": 44.51129150390625,
            "min": 20.50676091512044,
            "max": 1229.7500813802083,
            "count": 240
        },
        "RocketLander.Policy.LearningRate.mean": {
            "value": 6.594997802000098e-07,
            "min": 6.594997802000098e-07,
            "max": 0.0002987586004138,
            "count": 240
        },
        "RocketLander.Policy.Epsilon.mean": {
            "value": 0.10021980000000003,
            "min": 0.10021980000000003,
            "max": 0.19958620000000002,
            "count": 240
        },
        "RocketLander.Policy.Beta.mean": {
            "value": 3.195802000000034e-05,
            "min": 3.195802000000034e-05,
            "max": 0.009958661379999999,
            "count": 240
        }
    },
    "metadata": {
        "timer_format_version": "0.1.0",
        "start_time_seconds": "1612442596",
        "python_version": "3.8.6 (tags/v3.8.6:db45529, Sep 23 2020, 15:52:53) [MSC v.1927 64 bit (AMD64)]",
        "command_line_arguments": "C:\\Users\\Ollie\\AppData\\Local\\Programs\\Python\\Python38\\Scripts\\mlagents-learn config/rocketlander_config.yaml --run-id=2020.02.04_1242_RocketLander_ODF",
        "mlagents_version": "0.22.0",
        "mlagents_envs_version": "0.22.0",
        "communication_protocol_version": "1.2.0",
        "pytorch_version": "1.7.1+cpu",
        "numpy_version": "1.19.2",
        "end_time_seconds": "1612446352"
    },
    "total": 3756.5583274,
    "count": 1,
    "self": 2.839056399999663,
    "children": {
        "run_training.setup": {
            "total": 0.14911930000000018,
            "count": 1,
            "self": 0.14911930000000018
        },
        "TrainerController.start_learning": {
            "total": 3753.5701517,
            "count": 1,
            "self": 8.353985500019007,
            "children": {
                "TrainerController._reset_env": {
                    "total": 25.388071,
                    "count": 1,
                    "self": 25.388071
                },
                "TrainerController.advance": {
                    "total": 3719.5438244999814,
                    "count": 125060,
                    "self": 4.415130099954695,
                    "children": {
                        "env_step": {
                            "total": 3715.1286944000267,
                            "count": 125060,
                            "self": 3071.154509500057,
                            "children": {
                                "SubprocessEnvManager._take_step": {
                                    "total": 639.8204277999891,
                                    "count": 125060,
                                    "self": 22.073501699918324,
                                    "children": {
                                        "TorchPolicy.evaluate": {
                                            "total": 617.7469261000708,
                                            "count": 125060,
                                            "self": 76.70239339998841,
                                            "children": {
                                                "TorchPolicy.sample_actions": {
                                                    "total": 541.0445327000824,
                                                    "count": 125060,
                                                    "self": 541.0445327000824
                                                }
                                            }
                                        }
                                    }
                                },
                                "workers": {
                                    "total": 4.153757099980648,
                                    "count": 125060,
                                    "self": 0.0,
                                    "children": {
                                        "worker_root": {
                                            "total": 3717.6355001000443,
                                            "count": 125060,
                                            "is_parallel": true,
                                            "self": 1041.9243814000715,
                                            "children": {
                                                "steps_from_proto": {
                                                    "total": 0.03848830000000092,
                                                    "count": 1,
                                                    "is_parallel": true,
                                                    "self": 0.0007496000000024594,
                                                    "children": {
                                                        "_process_vector_observation": {
                                                            "total": 0.03773869999999846,
                                                            "count": 2,
                                                            "is_parallel": true,
                                                            "self": 0.03773869999999846
                                                        }
                                                    }
                                                },
                                                "UnityEnvironment.step": {
                                                    "total": 2675.6726303999726,
                                                    "count": 125060,
                                                    "is_parallel": true,
                                                    "self": 28.280159399888362,
                                                    "children": {
                                                        "UnityEnvironment._generate_step_input": {
                                                            "total": 97.76487370003221,
                                                            "count": 125060,
                                                            "is_parallel": true,
                                                            "self": 97.76487370003221
                                                        },
                                                        "communicator.exchange": {
                                                            "total": 2467.434917500057,
                                                            "count": 125060,