{
    "name": "root",
    "gauges": {
        "RocketLander.Policy.Entropy.mean": {
            "value": 1.4187239408493042,
            "min": 1.4179136753082275,
            "max": 1.4187350273132324,
            "count": 10
        },
        "RocketLander.Environment.LessonNumber.target_size.mean": {
            "value": 3.0,
            "min": 0.0,
            "max": 3.0,
            "count": 10
        },
        "RocketLander.Policy.ExtrinsicValueEstimate.mean": {
            "value": -1.8971357345581055,
            "min": -1.8971357345581055,
            "max": -0.3831422030925751,
            "count": 10
        },
        "RocketLander.Environment.EpisodeLength.mean": {
            "value": 157.77272727272728,
            "min": 149.25423728813558,
            "max": 178.51785714285714,
            "count": 10
        },
        "RocketLander.Environment.CumulativeReward.mean": {
            "value": -11.281955368591078,
            "min": -11.856480867698275,
            "max": -9.598048141447164,
            "count": 10
        },
        "RocketLander.Policy.ExtrinsicReward.mean": {
            "value": -11.281955368591078,
            "min": -11.856480867698275,
            "max": -9.598048141447164,
            "count": 10
        },
        "RocketLander.Losses.PolicyLoss.mean": {
            "value": 0.010833200091534916,
            "min": 0.007890640241384972,
            "max": 0.017360499274218455,
            "count": 10
        },
        "RocketLander.Losses.ValueLoss.mean": {
            "value": 0.38356290509303415,
            "min": 0.14329111265639463,
            "max": 1.7910263935724895,
            "count": 10
        },
        "RocketLander.Policy.LearningRate.mean": {
            "value": 1.811046856396385e-05,
            "min": 1.811046856396385e-05,
            "max": 0.00034823430600259723,
            "count": 10
        },
        "RocketLander.Policy.Epsilon.mean": {
            "value": 0.1098567342810104,
            "min": 0.1098567342810104,
            "max": 0.28952966219341064,
            "count": 10
        },
        "RocketLander.Policy.Beta.mean": {
            "value": 0.00048769165282441134,
            "min": 0.00048769165282441134,
            "max": 0.009195267149470323,
            "count": 10
        },
        "RocketLander.IsTraining.mean": {
            "value": 1.0,
            "min": 1.0,
            "max": 1.0,
            "count": 10
        }
    },
    "metadata": {
        "timer_format_version": "0.1.0",
        "start_time_seconds": "1615297930",
        "python_version": "3.8.7 (tags/v3.8.7:6503f05, Dec 21 2020, 17:59:51) [MSC v.1928 64 bit (AMD64)]",
        "command_line_arguments": "C:\\Users\\Daniel Rodrigues\\AppData\\Local\\Programs\\Python\\Python38\\Scripts\\mlagents-learn D:\\Documents\\GitHub\\ai-group-project-the-meme-team\\Python_Interface\\config\\2021.03.09_1352_RocketLander.yaml --env=Unity_Compiled_Files\\Rocket_Lander --run-id=2021.03.09_1352_RocketLander --seed=0 --train --base-port=51546 --height=500 --width=500",
        "mlagents_version": "0.23.0",
        "mlagents_envs_version": "0.23.0",
        "communication_protocol_version": "1.3.0",
        "pytorch_version": "1.7.1",
        "numpy_version": "1.18.5",
        "end_time_seconds": "1615298061"
    },
    "total": 131.1401709,
    "count": 1,
    "self": 2.3103964999999675,
    "children": {
        "run_training.setup": {
            "total": 0.033420000000000005,
            "count": 1,
            "self": 0.033420000000000005
        },
        "TrainerController.start_learning": {
            "total": 128.7963544,
            "count": 1,
            "self": 0.28229279999959545,
            "children": {
                "TrainerController._reset_env": {
                    "total": 6.076039100000001,
                    "count": 1,
                    "self": 6.076039100000001
                },
                "TrainerController.advance": {
                    "total": 122.36442840000042,
                    "count": 6287,
                    "self": 0.16661849999978529,
                    "children": {
                        "env_step": {
                            "total": 122.19780990000064,
                            "count": 6287,
                            "self": 104.27853030000048,
                            "children": {
                                "SubprocessEnvManager._take_step": {
                                    "total": 17.818693699999574,
                                    "count": 6287,
                                    "self": 0.5771622999995181,
                                    "children": {
                                        "TorchPolicy.evaluate": {
                                            "total": 17.241531400000056,
                                            "count": 6287,
                                            "self": 6.8750340999998105,
                                            "children": {
                                                "TorchPolicy.sample_actions": {
                                                    "total": 10.366497300000246,
                                                    "count": 6287,
                                                    "self": 10.366497300000246
                                                }
                                            }
                                        }
                                    }
                                },
                                "workers": {
                                    "total": 0.10058590000057954,
                                    "count": 6287,
                                    "self": 0.0,
                                    "children": {
                                        "worker_root": {
                                            "total": 123.9621495000002,
                                            "count": 6287,
                                            "is_parallel": true,
                                            "self": 41.78296630000021,
                                            "children": {
                                                "steps_from_proto": {
                                                    "total": 0.0004699000000005782,
                                                    "count": 1,
                                                    "is_parallel": true,
                                                    "self": 0.00011950000000027217,
                                                    "children": {
                                                        "_process_vector_observation": {
                                                            "total": 0.000350400000000306,
                                                            "count": 2,
                                                            "is_parallel": true,
                                                            "self": 0.000350400000000306
                                                        }
                                                    }
                                                },
                                                "UnityEnvironment.step": {
                                                    "total": 82.17871329999998,
                                                    "count": 6287,
                                                    "is_parallel": true,
                                                    "self": 0.7027593999999624,
                                                    "children": {
                                                        "UnityEnvironment._generate_step_input": {
                                                            "total": 6.133578499999574,
                                                            "count": 6287,
                                                            "is_parallel": true,