{"acc": 4.350753839702926, "loss": 6.841041971035349, "_runtime": 2, "_timestamp": 1613514103, "_step": 49}