{
    "name": "root",
    "gauges": {
        "RocketLander.Policy.Entropy.mean": {
            "value": 1.4155404567718506,
            "min": 1.4150879383087158,
            "max": 1.4179984331130981,
            "count": 10
        },
        "RocketLander.Environment.LessonNumber.target_size.mean": {
            "value": 3.0,
            "min": 0.0,
            "max": 3.0,
            "count": 10
        },
        "RocketLander.Policy.ExtrinsicValueEstimate.mean": {
            "value": -2.3703384399414062,
            "min": -2.517049789428711,
            "max": -0.43726956844329834,
            "count": 10
        },
        "RocketLander.Environment.EpisodeLength.mean": {
            "value": 141.3582089552239,
            "min": 140.26027397260273,
            "max": 165.70491803278688,
            "count": 10
        },
        "RocketLander.Environment.CumulativeReward.mean": {
            "value": -9.467420227492033,
            "min": -10.771493360147637,
            "max": -8.79918386373255,
            "count": 10
        },
        "RocketLander.Policy.ExtrinsicReward.mean": {
            "value": -9.467420227492033,
            "min": -10.771493360147637,
            "max": -8.79918386373255,
            "count": 10
        },
        "RocketLander.Losses.PolicyLoss.mean": {
            "value": 0.010899758781306446,
            "min": 0.007582785367655258,
            "max": 0.016037995849425595,
            "count": 10
        },
        "RocketLander.Losses.ValueLoss.mean": {
            "value": 0.24017243087291718,
            "min": 0.17826497492690882,
            "max": 2.364962855974833,
            "count": 10
        },
        "RocketLander.Policy.LearningRate.mean": {
            "value": 4.70749797930918e-05,
            "min": 4.70749797930918e-05,
            "max": 0.0008897430219562992,
            "count": 10
        },
        "RocketLander.Policy.Epsilon.mean": {
            "value": 0.11044515809330324,
            "min": 0.11044515809330324,
            "max": 0.2974196327867187,
            "count": 10
        },
        "RocketLander.Policy.Beta.mean": {
            "value": 3.048256249244716e-05,
            "min": 3.048256249244716e-05,
            "max": 0.0003971324808747961,
            "count": 10
        },
        "RocketLander.IsTraining.mean": {
            "value": 1.0,
            "min": 1.0,
            "max": 1.0,
            "count": 10
        }
    },
    "metadata": {
        "timer_format_version": "0.1.0",
        "start_time_seconds": "1615297636",
        "python_version": "3.8.7 (tags/v3.8.7:6503f05, Dec 21 2020, 17:59:51) [MSC v.1928 64 bit (AMD64)]",
        "command_line_arguments": "C:\\Users\\Daniel Rodrigues\\AppData\\Local\\Programs\\Python\\Python38\\Scripts\\mlagents-learn D:\\Documents\\GitHub\\ai-group-project-the-meme-team\\Python_Interface\\config\\2021.03.09_1347_RocketLander.yaml --env=Unity_Compiled_Files\\Rocket_Lander --run-id=2021.03.09_1347_RocketLander --seed=0 --train --base-port=49995 --height=500 --width=500",
        "mlagents_version": "0.23.0",
        "mlagents_envs_version": "0.23.0",
        "communication_protocol_version": "1.3.0",
        "pytorch_version": "1.7.1",
        "numpy_version": "1.18.5",
        "end_time_seconds": "1615297766"
    },
    "total": 129.34569199999999,
    "count": 1,
    "self": 2.3084574999999887,
    "children": {
        "run_training.setup": {
            "total": 0.01805990000000035,
            "count": 1,
            "self": 0.01805990000000035
        },
        "TrainerController.start_learning": {
            "total": 127.0191746,
            "count": 1,
            "self": 0.2817757999996786,
            "children": {
                "TrainerController._reset_env": {
                    "total": 6.0274132,
                    "count": 1,
                    "self": 6.0274132
                },
                "TrainerController.advance": {
                    "total": 120.63781920000031,
                    "count": 6290,
                    "self": 0.17052000000037992,
                    "children": {
                        "env_step": {
                            "total": 120.46729919999993,
                            "count": 6290,
                            "self": 101.86253949999912,
                            "children": {
                                "SubprocessEnvManager._take_step": {
                                    "total": 18.503525000000113,
                                    "count": 6290,
                                    "self": 0.5646566000003297,
                                    "children": {
                                        "TorchPolicy.evaluate": {
                                            "total": 17.938868399999784,
                                            "count": 6290,
                                            "self": 6.832259199999443,
                                            "children": {
                                                "TorchPolicy.sample_actions": {
                                                    "total": 11.10660920000034,
                                                    "count": 6290,
                                                    "self": 11.10660920000034
                                                }
                                            }
                                        }
                                    }
                                },
                                "workers": {
                                    "total": 0.10123470000070789,
                                    "count": 6290,
                                    "self": 0.0,
                                    "children": {
                                        "worker_root": {
                                            "total": 122.2108360000001,
                                            "count": 6290,
                                            "is_parallel": true,
                                            "self": 41.017432700000114,
                                            "children": {
                                                "steps_from_proto": {
                                                    "total": 0.0007519000000000275,
                                                    "count": 1,
                                                    "is_parallel": true,
                                                    "self": 0.0001782999999999646,
                                                    "children": {
                                                        "_process_vector_observation": {
                                                            "total": 0.000573600000000063,
                                                            "count": 2,
                                                            "is_parallel": true,
                                                            "self": 0.000573600000000063
                                                        }
                                                    }
                                                },
                                                "UnityEnvironment.step": {
                                                    "total": 81.19265139999999,
                                                    "count": 6290,
                                                    "is_parallel": true,
                                                    "self": 0.7008710999995742,
                                                    "children": {
                                                        "UnityEnvironment._generate_step_input": {
                                                            "total": 6.100370900000388,
                                                            "count": 6290,
                                                            "is_parallel": true,