{
    "name": "root",
    "gauges": {
        "RocketLander.Policy.Entropy.mean": {
            "value": 1.424558401107788,
            "min": 1.4185024499893188,
            "max": 1.4265971183776855,
            "count": 8909
        },
        "RocketLander.Policy.ExtrinsicValueEstimate.mean": {
            "value": -1.734201192855835,
            "min": -26.675289154052734,
            "max": 29.044795989990234,
            "count": 8910
        },
        "RocketLander.IsTraining.mean": {
            "value": 1.0,
            "min": 1.0,
            "max": 1.0,
            "count": 8910
        },
        "RocketLander.Environment.EpisodeLength.mean": {
            "value": 115.0,
            "min": 99.0,
            "max": 268.0,
            "count": 3413
        },
        "RocketLander.Environment.CumulativeReward.mean": {
            "value": -0.30426740646362305,
            "min": -51.934982776641846,
            "max": 46.65503811836243,
            "count": 3495
        },
        "RocketLander.Policy.ExtrinsicReward.mean": {
            "value": -0.30426740646362305,
            "min": -51.934982776641846,
            "max": 46.65503811836243,
            "count": 3495
        },
        "RocketLander.Losses.PolicyLoss.mean": {
            "value": 0.02739941733307205,
            "min": 0.011552682636344494,
            "max": 0.05384860932826996,
            "count": 240
        },
        "RocketLander.Losses.ValueLoss.mean": {
            "value": 2.811293303966522,
            "min": 1.1656022270520527,
            "max": 40.68021742502848,
            "count": 240
        },
        "RocketLander.Policy.LearningRate.mean": {
            "value": 3.744998752000081e-07,
            "min": 3.744998752000081e-07,
            "max": 0.0002987664004112,
            "count": 240
        },
        "RocketLander.Policy.Epsilon.mean": {
            "value": 0.10012480000000001,
            "min": 0.10012480000000001,
            "max": 0.19958879999999998,
            "count": 240
        },
        "RocketLander.Policy.Beta.mean": {
            "value": 2.246752000000027e-05,
            "min": 2.246752000000027e-05,
            "max": 0.009958921120000002,
            "count": 240
        }
    },
    "metadata": {
        "timer_format_version": "0.1.0",
        "start_time_seconds": "1612969251",
        "python_version": "3.8.6 (tags/v3.8.6:db45529, Sep 23 2020, 15:52:53) [MSC v.1927 64 bit (AMD64)]",
        "command_line_arguments": "C:\\Users\\Ollie\\AppData\\Local\\Programs\\Python\\Python38\\Scripts\\mlagents-learn config/rocketlander_config.yaml --run-id=2021.02.10_1500_RocketLander_ODF",
        "mlagents_version": "0.22.0",
        "mlagents_envs_version": "0.22.0",
        "communication_protocol_version": "1.2.0",
        "pytorch_version": "1.7.1+cpu",
        "numpy_version": "1.19.2",
        "end_time_seconds": "1612972021"
    },
    "total": 2769.9001755,
    "count": 1,
    "self": 1.3867640999997093,
    "children": {
        "run_training.setup": {
            "total": 0.03723109999999963,
            "count": 1,
            "self": 0.03723109999999963
        },
        "TrainerController.start_learning": {
            "total": 2768.4761803,
            "count": 1,
            "self": 9.786868000014238,
            "children": {
                "TrainerController._reset_env": {
                    "total": 20.719539400000002,
                    "count": 1,
                    "self": 20.719539400000002
                },
                "TrainerController.advance": {
                    "total": 2737.799685599986,
                    "count": 250028,
                    "self": 4.359674499818084,
                    "children": {
                        "env_step": {
                            "total": 2733.440011100168,
                            "count": 250028,
                            "self": 2198.39218750006,
                            "children": {
                                "SubprocessEnvManager._take_step": {
                                    "total": 530.0718302000728,
                                    "count": 250028,
                                    "self": 23.661159100071018,
                                    "children": {
                                        "TorchPolicy.evaluate": {
                                            "total": 506.41067110000176,
                                            "count": 250028,
                                            "self": 65.02958999999464,
                                            "children": {
                                                "TorchPolicy.sample_actions": {
                                                    "total": 441.3810811000071,
                                                    "count": 250028,
                                                    "self": 441.3810811000071
                                                }
                                            }
                                        }
                                    }
                                },
                                "workers": {
                                    "total": 4.975993400034728,
                                    "count": 250028,
                                    "self": 0.0,
                                    "children": {
                                        "worker_root": {
                                            "total": 2734.4456818000754,
                                            "count": 250028,
                                            "is_parallel": true,
                                            "self": 959.4321078000319,
                                            "children": {
                                                "steps_from_proto": {
                                                    "total": 0.010294299999998202,
                                                    "count": 1,
                                                    "is_parallel": true,
                                                    "self": 0.0001945999999968251,
                                                    "children": {
                                                        "_process_vector_observation": {
                                                            "total": 0.010099700000001377,
                                                            "count": 2,
                                                            "is_parallel": true,
                                                            "self": 0.010099700000001377
                                                        }
                                                    }
                                                },
                                                "UnityEnvironment.step": {
                                                    "total": 1775.0032797000435,
                                                    "count": 250028,
                                                    "is_parallel": true,
                                                    "self": 30.1813330000316,
                                                    "children": {
                                                        "UnityEnvironment._generate_step_input": {
                                                            "total": 80.95111539995915,
                                                            "count": 250028,
                                                            "is_parallel": true,
                                                            "self": 80.95111539995915
                                                        },
                                                        "communicator.exchange": {
                                                            "total": 1579.3389071000538,
                                                            "count": 250028,