{
    "name": "root",
    "gauges": {
        "RocketLander.Policy.Entropy.mean": {
            "value": 1.4149389266967773,
            "min": 1.4149389266967773,
            "max": 1.4182850122451782,
            "count": 10
        },
        "RocketLander.Environment.LessonNumber.target_size.mean": {
            "value": 3.0,
            "min": 0.0,
            "max": 3.0,
            "count": 10
        },
        "RocketLander.Policy.ExtrinsicValueEstimate.mean": {
            "value": -1.218120813369751,
            "min": -1.2262012958526611,
            "max": -0.22084251046180725,
            "count": 10
        },
        "RocketLander.Environment.EpisodeLength.mean": {
            "value": 167.53333333333333,
            "min": 147.672131147541,
            "max": 169.72413793103448,
            "count": 10
        },
        "RocketLander.Environment.CumulativeReward.mean": {
            "value": -11.152896604935329,
            "min": -11.203416490958908,
            "max": -9.411103361942729,
            "count": 10
        },
        "RocketLander.Policy.ExtrinsicReward.mean": {
            "value": -11.152896604935329,
            "min": -11.203416490958908,
            "max": -9.411103361942729,
            "count": 10
        },
        "RocketLander.Losses.PolicyLoss.mean": {
            "value": 0.01746526442972633,
            "min": 0.009268268551143894,
            "max": 0.019305493410987157,
            "count": 10
        },
        "RocketLander.Losses.ValueLoss.mean": {
            "value": 0.2501252281169096,
            "min": 0.2501252281169096,
            "max": 1.2983414928118389,
            "count": 10
        },
        "RocketLander.Policy.LearningRate.mean": {
            "value": 3.969925781698547e-05,
            "min": 3.969925781698547e-05,
            "max": 0.0007674281758358047,
            "count": 10
        },
        "RocketLander.Policy.Epsilon.mean": {
            "value": 0.11083964294358772,
            "min": 0.11083964294358772,
            "max": 0.3095421360144195,
            "count": 10
        },
        "RocketLander.Policy.Beta.mean": {
            "value": 0.00018712659271231708,
            "min": 0.00018712659271231708,
            "max": 0.003434050476113794,
            "count": 10
        },
        "RocketLander.IsTraining.mean": {
            "value": 1.0,
            "min": 1.0,
            "max": 1.0,
            "count": 10
        }
    },
    "metadata": {
        "timer_format_version": "0.1.0",
        "start_time_seconds": "1615296569",
        "python_version": "3.8.7 (tags/v3.8.7:6503f05, Dec 21 2020, 17:59:51) [MSC v.1928 64 bit (AMD64)]",
        "command_line_arguments": "C:\\Users\\Daniel Rodrigues\\AppData\\Local\\Programs\\Python\\Python38\\Scripts\\mlagents-learn D:\\Documents\\GitHub\\ai-group-project-the-meme-team\\Python_Interface\\config\\2021.03.09_1329_RocketLander.yaml --env=Unity_Compiled_Files\\Rocket_Lander --run-id=2021.03.09_1329_RocketLander --seed=0 --train --base-port=44567 --height=500 --width=500",
        "mlagents_version": "0.23.0",
        "mlagents_envs_version": "0.23.0",
        "communication_protocol_version": "1.3.0",
        "pytorch_version": "1.7.1",
        "numpy_version": "1.18.5",
        "end_time_seconds": "1615296707"
    },
    "total": 137.1423246,
    "count": 1,
    "self": 2.3199568,
    "children": {
        "run_training.setup": {
            "total": 0.01818540000000013,
            "count": 1,
            "self": 0.01818540000000013
        },
        "TrainerController.start_learning": {
            "total": 134.8041824,
            "count": 1,
            "self": 0.30861090000004765,
            "children": {
                "TrainerController._reset_env": {
                    "total": 6.399491299999999,
                    "count": 1,
                    "self": 6.399491299999999
                },
                "TrainerController.advance": {
                    "total": 128.01593479999997,
                    "count": 6291,
                    "self": 0.18630779999979552,
                    "children": {
                        "env_step": {
                            "total": 127.82962700000017,
                            "count": 6291,
                            "self": 106.89795200000059,
                            "children": {
                                "SubprocessEnvManager._take_step": {
                                    "total": 20.823481500000433,
                                    "count": 6291,
                                    "self": 0.6048831999998399,
                                    "children": {
                                        "TorchPolicy.evaluate": {
                                            "total": 20.218598300000593,
                                            "count": 6291,
                                            "self": 7.927905899999757,
                                            "children": {
                                                "TorchPolicy.sample_actions": {
                                                    "total": 12.290692400000836,
                                                    "count": 6291,
                                                    "self": 12.290692400000836
                                                }
                                            }
                                        }
                                    }
                                },
                                "workers": {
                                    "total": 0.10819349999915318,
                                    "count": 6291,
                                    "self": 0.0,
                                    "children": {
                                        "worker_root": {
                                            "total": 129.70061780000012,
                                            "count": 6291,
                                            "is_parallel": true,
                                            "self": 43.69341320000005,
                                            "children": {
                                                "steps_from_proto": {
                                                    "total": 0.0004387000000001251,
                                                    "count": 1,
                                                    "is_parallel": true,
                                                    "self": 0.00010360000000098069,
                                                    "children": {
                                                        "_process_vector_observation": {
                                                            "total": 0.0003350999999991444,
                                                            "count": 2,
                                                            "is_parallel": true,
                                                            "self": 0.0003350999999991444
                                                        }
                                                    }
                                                },
                                                "UnityEnvironment.step": {
                                                    "total": 86.00676590000006,
                                                    "count": 6291,
                                                    "is_parallel": true,
                                                    "self": 0.727491599999496,
                                                    "children": {
                                                        "UnityEnvironment._generate_step_input": {
                                                            "total": 6.402321399999898,
                                                            "count": 6291,
                                                            "is_parallel": true,