{
    "name": "root",
    "gauges": {
        "RocketLander.Policy.Entropy.mean": {
            "value": 1.4189050197601318,
            "min": 1.4189050197601318,
            "max": 1.4189050197601318,
            "count": 1
        },
        "RocketLander.Environment.LessonNumber.target_size.mean": {
            "value": 0.0,
            "min": 0.0,
            "max": 0.0,
            "count": 1
        },
        "RocketLander.Policy.ExtrinsicValueEstimate.mean": {
            "value": -0.18678846955299377,
            "min": -0.18678846955299377,
            "max": -0.18678846955299377,
            "count": 1
        },
        "RocketLander.Environment.EpisodeLength.mean": {
            "value": 148.7258064516129,
            "min": 148.7258064516129,
            "max": 148.7258064516129,
            "count": 1
        },
        "RocketLander.Environment.CumulativeReward.mean": {
            "value": -9.517291840045683,
            "min": -9.517291840045683,
            "max": -9.517291840045683,
            "count": 1
        },
        "RocketLander.Policy.ExtrinsicReward.mean": {
            "value": -9.517291840045683,
            "min": -9.517291840045683,
            "max": -9.517291840045683,
            "count": 1
        },
        "RocketLander.Losses.PolicyLoss.mean": {
            "value": 0.018391041604142327,
            "min": 0.018391041604142327,
            "max": 0.018391041604142327,
            "count": 1
        },
        "RocketLander.Losses.ValueLoss.mean": {
            "value": 0.7122816344102224,
            "min": 0.7122816344102224,
            "max": 0.7122816344102224,
            "count": 1
        },
        "RocketLander.Policy.LearningRate.mean": {
            "value": 0.00020501886978401994,
            "min": 0.00020501886978401994,
            "max": 0.00020501886978401994,
            "count": 1
        },
        "RocketLander.Policy.Epsilon.mean": {
            "value": 0.27496945220363433,
            "min": 0.27496945220363433,
            "max": 0.27496945220363433,
            "count": 1
        },
        "RocketLander.Policy.Beta.mean": {
            "value": 0.0042689087851590255,
            "min": 0.0042689087851590255,
            "max": 0.0042689087851590255,
            "count": 1
        },
        "RocketLander.IsTraining.mean": {
            "value": 1.0,
            "min": 1.0,
            "max": 1.0,
            "count": 1
        }
    },
    "metadata": {
        "timer_format_version": "0.1.0",
        "start_time_seconds": "1615296000",
        "python_version": "3.8.7 (tags/v3.8.7:6503f05, Dec 21 2020, 17:59:51) [MSC v.1928 64 bit (AMD64)]",
        "command_line_arguments": "C:\\Users\\Daniel Rodrigues\\AppData\\Local\\Programs\\Python\\Python38\\Scripts\\mlagents-learn D:\\Documents\\GitHub\\ai-group-project-the-meme-team\\Python_Interface\\config\\2021.03.09_1319_RocketLander.yaml --env=Unity_Compiled_Files\\Rocket_Lander --run-id=2021.03.09_1319_RocketLander --seed=0 --train --base-port=43367 --height=500 --width=500",
        "mlagents_version": "0.23.0",
        "mlagents_envs_version": "0.23.0",
        "communication_protocol_version": "1.3.0",
        "pytorch_version": "1.7.1",
        "numpy_version": "1.18.5",
        "end_time_seconds": "1615296022"
    },
    "total": 21.690765,
    "count": 1,
    "self": 2.304670599999998,
    "children": {
        "run_training.setup": {
            "total": 0.016208199999999895,
            "count": 1,
            "self": 0.016208199999999895
        },
        "TrainerController.start_learning": {
            "total": 19.3698862,
            "count": 1,
            "self": 0.04230710000000926,
            "children": {
                "TrainerController._reset_env": {
                    "total": 6.2181557000000005,
                    "count": 1,
                    "self": 6.2181557000000005
                },
                "TrainerController.advance": {
                    "total": 12.989174199999988,
                    "count": 665,
                    "self": 0.01887249999997387,
                    "children": {
                        "env_step": {
                            "total": 12.970301700000014,
                            "count": 665,
                            "self": 10.910011900000002,
                            "children": {
                                "SubprocessEnvManager._take_step": {
                                    "total": 2.049816900000037,
                                    "count": 665,
                                    "self": 0.060929500000018066,
                                    "children": {
                                        "TorchPolicy.evaluate": {
                                            "total": 1.988887400000019,
                                            "count": 665,
                                            "self": 0.6613957000000248,
                                            "children": {
                                                "TorchPolicy.sample_actions": {
                                                    "total": 1.3274916999999942,
                                                    "count": 665,
                                                    "self": 1.3274916999999942
                                                }
                                            }
                                        }
                                    }
                                },
                                "workers": {
                                    "total": 0.010472899999975027,
                                    "count": 665,
                                    "self": 0.0,
                                    "children": {
                                        "worker_root": {
                                            "total": 14.132454799999982,
                                            "count": 665,
                                            "is_parallel": true,
                                            "self": 5.233812299999968,
                                            "children": {
                                                "steps_from_proto": {
                                                    "total": 0.0004691000000001111,
                                                    "count": 1,
                                                    "is_parallel": true,
                                                    "self": 0.00010520000000013852,
                                                    "children": {
                                                        "_process_vector_observation": {
                                                            "total": 0.0003638999999999726,
                                                            "count": 2,
                                                            "is_parallel": true,
                                                            "self": 0.0003638999999999726
                                                        }
                                                    }
                                                },
                                                "UnityEnvironment.step": {
                                                    "total": 8.898173400000013,
                                                    "count": 665,
                                                    "is_parallel": true,
                                                    "self": 0.07315190000005423,
                                                    "children": {
                                                        "UnityEnvironment._generate_step_input": {
                                                            "total": 0.658816299999998,
                                                            "count": 665,
                                                            "is_parallel": true,