{
    "name": "root",
    "gauges": {
        "RocketLander.Policy.Entropy.mean": {
            "value": 1.4284145832061768,
            "min": 1.418938398361206,
            "max": 1.4285764694213867,
            "count": 9149
        },
        "RocketLander.Policy.ExtrinsicValueEstimate.mean": {
            "value": -3.5320687294006348,
            "min": -8.670552253723145,
            "max": 0.906804084777832,
            "count": 9149
        },
        "RocketLander.Environment.EpisodeLength.mean": {
            "value": 195.0,
            "min": 104.0,
            "max": 275.0,
            "count": 2672
        },
        "RocketLander.IsTraining.mean": {
            "value": 1.0,
            "min": 1.0,
            "max": 1.0,
            "count": 9149
        },
        "RocketLander.Environment.CumulativeReward.mean": {
            "value": -10.53282344341278,
            "min": -22.953129053115845,
            "max": -0.8324904441833496,
            "count": 2672
        },
        "RocketLander.Policy.ExtrinsicReward.mean": {
            "value": -10.53282344341278,
            "min": -22.953129053115845,
            "max": -0.8324904441833496,
            "count": 2672
        },
        "RocketLander.Losses.PolicyLoss.mean": {
            "value": 0.036903695591414966,
            "min": 0.01338751673756633,
            "max": 0.05809897882863879,
            "count": 240
        },
        "RocketLander.Losses.ValueLoss.mean": {
            "value": 0.08609305291126172,
            "min": 0.008512847979242602,
            "max": 3.572831312815348,
            "count": 240
        },
        "RocketLander.Policy.LearningRate.mean": {
            "value": 5.016998328000021e-07,
            "min": 5.016998328000021e-07,
            "max": 0.0002987334004222,
            "count": 240
        },
        "RocketLander.Policy.Epsilon.mean": {
            "value": 0.10016720000000001,
            "min": 0.10016720000000001,
            "max": 0.19957780000000006,
            "count": 240
        },
        "RocketLander.Policy.Beta.mean": {
            "value": 2.670328000000007e-05,
            "min": 2.670328000000007e-05,
            "max": 0.009957822219999999,
            "count": 240
        }
    },
    "metadata": {
        "timer_format_version": "0.1.0",
        "start_time_seconds": "1612975621",
        "python_version": "3.8.6 (tags/v3.8.6:db45529, Sep 23 2020, 15:52:53) [MSC v.1927 64 bit (AMD64)]",
        "command_line_arguments": "C:\\Users\\Ollie\\AppData\\Local\\Programs\\Python\\Python38\\Scripts\\mlagents-learn config/rocketlander_config.yaml --run-id=2021.02.10_1625_RocketLander_ODF --force",
        "mlagents_version": "0.22.0",
        "mlagents_envs_version": "0.22.0",
        "communication_protocol_version": "1.2.0",
        "pytorch_version": "1.7.1+cpu",
        "numpy_version": "1.19.2",
        "end_time_seconds": "1612981157"
    },
    "total": 5535.7058099999995,
    "count": 1,
    "self": 1.6428007999993497,
    "children": {
        "run_training.setup": {
            "total": 0.04134670000000007,
            "count": 1,
            "self": 0.04134670000000007
        },
        "TrainerController.start_learning": {
            "total": 5534.0216625,
            "count": 1,
            "self": 22.772465100070804,
            "children": {
                "TrainerController._reset_env": {
                    "total": 46.058681199999995,
                    "count": 1,
                    "self": 46.058681199999995
                },
                "TrainerController.advance": {
                    "total": 5464.97194539993,
                    "count": 500035,
                    "self": 10.333409500236485,
                    "children": {
                        "env_step": {
                            "total": 5454.638535899693,
                            "count": 500035,
                            "self": 4273.665684899488,
                            "children": {
                                "SubprocessEnvManager._take_step": {
                                    "total": 1168.4131495002846,
                                    "count": 500035,
                                    "self": 53.84033600036719,
                                    "children": {
                                        "TorchPolicy.evaluate": {
                                            "total": 1114.5728134999174,
                                            "count": 500035,
                                            "self": 138.48881979981593,
                                            "children": {
                                                "TorchPolicy.sample_actions": {
                                                    "total": 976.0839937001015,
                                                    "count": 500035,
                                                    "self": 976.0839937001015
                                                }
                                            }
                                        }
                                    }
                                },
                                "workers": {
                                    "total": 12.559701499920656,
                                    "count": 500035,
                                    "self": 0.0,
                                    "children": {
                                        "worker_root": {
                                            "total": 5459.140676200143,
                                            "count": 500035,
                                            "is_parallel": true,
                                            "self": 2093.4439154000693,
                                            "children": {
                                                "steps_from_proto": {
                                                    "total": 0.035931399999995506,
                                                    "count": 1,
                                                    "is_parallel": true,
                                                    "self": 0.0004673999999980083,
                                                    "children": {
                                                        "_process_vector_observation": {
                                                            "total": 0.0354639999999975,
                                                            "count": 2,
                                                            "is_parallel": true,
                                                            "self": 0.0354639999999975
                                                        }
                                                    }
                                                },
                                                "UnityEnvironment.step": {
                                                    "total": 3365.660829400074,
                                                    "count": 500035,
                                                    "is_parallel": true,
                                                    "self": 68.3060778000181,
                                                    "children": {
                                                        "UnityEnvironment._generate_step_input": {
                                                            "total": 152.78529649997537,
                                                            "count": 500035,
                                                            "is_parallel": true,
                                                            "self": 152.78529649997537
                                                        },
                                                        "communicator.exchange": {
                                                            "total": 2963.0335983003038,
                                                            "count": 500035,